ID,Año,Tipo de Evento,Impacto Neto (USD),Mediana intento
257,2016,Legal," 499,857 ",498559.91
727,2015,Legal," 499,772 ",498559.91
445,2021,Proceso," 499,734 ",495709.615
1727,2018,Proceso," 498,814 ",495709.615
1892,2016,Seguridad," 498,458 ",495735.33
1468,2018,Fraude," 498,203 ",496022.445
909,2020,Sistema," 498,135 ",495856.34
306,2013,Fallo de sistema," 498,065 ",495461.41
584,2020,Operacional," 497,496 ",496553.945
232,2020,Operacional," 497,434 ",496553.945
1994,2022,Legal," 497,347 ",498559.91
332,2017,Sistema," 497,330 ",495856.34
1924,2015,Operacional," 497,213 ",496553.945
648,2016,Proceso," 496,229 ",495709.615
1369,2013,Operacional," 495,895 ",496553.945
1522,2022,Sistema," 495,856 ",495856.34
1921,2022,Seguridad," 495,735 ",495735.33
160,2009,Fallo de sistema," 495,640 ",495461.41
330,2015,Fallo de sistema," 495,282 ",495461.41
835,2015,Proceso," 495,191 ",495709.615
535,2014,Operacional," 495,114 ",496553.945
636,2018,Proceso," 495,053 ",495709.615
1833,2009,Sistema," 494,888 ",495856.34
1614,2021,Legal," 494,726 ",498559.91
1101,2012,Operacional," 494,620 ",496553.945
38,2009,Fallo de sistema," 494,525 ",495461.41
1966,2017,Sistema," 494,429 ",495856.34
1421,2015,Seguridad," 494,272 ",495735.33
939,2021,Fraude," 493,842 ",496022.445
1346,2013,Proceso," 493,378 ",495709.615
1040,2010,Fallo de sistema," 493,137 ",495461.41
1328,2017,Operacional," 492,667 ",496553.945
1843,2022,Proceso," 492,602 ",495709.615
1524,2013,Seguridad," 492,438 ",495735.33
1361,2017,Seguridad," 492,133 ",495735.33
78,2020,Fallo de sistema," 491,936 ",495461.41
1178,2019,Proceso," 491,670 ",495709.615
828,2014,Fallo de sistema," 491,043 ",495461.41
807,2010,Sistema," 490,971 ",495856.34
14,2019,Legal," 490,918 ",498559.91
1098,2016,Legal," 490,872 ",498559.91
549,2020,Proceso," 490,845 ",495709.615
1057,2012,Sistema," 490,237 ",495856.34
240,2022,Fraude," 490,074 ",496022.445
844,2021,Fallo de sistema," 489,500 ",495461.41
215,2010,Legal," 488,749 ",498559.91
841,2022,Fraude," 488,575 ",496022.445
1973,2022,Fallo de sistema," 488,420 ",495461.41
1298,2023,Seguridad," 488,117 ",495735.33
1816,2016,Fallo de sistema," 488,040 ",495461.41
1341,2022,Fallo de sistema," 487,711 ",495461.41
471,2018,Operacional," 487,321 ",496553.945
655,2009,Fraude," 487,212 ",496022.445
1260,2012,Legal," 487,150 ",498559.91
10,2018,Legal," 486,415 ",498559.91
750,2020,Operacional," 486,238 ",496553.945
213,2014,Seguridad," 486,041 ",495735.33
315,2020,Seguridad," 485,795 ",495735.33
74,2020,Sistema," 485,412 ",495856.34
238,2017,Fallo de sistema," 485,400 ",495461.41
1398,2015,Operacional," 485,147 ",496553.945
284,2014,Seguridad," 484,834 ",495735.33
1682,2012,Fraude," 484,369 ",496022.445
1202,2009,Fraude," 483,665 ",496022.445
607,2020,Proceso," 483,559 ",495709.615
7,2021,Fallo de sistema," 483,155 ",495461.41
1870,2011,Fallo de sistema," 481,948 ",495461.41
571,2023,Sistema," 481,193 ",495856.34
1665,2017,Proceso," 481,168 ",495709.615
792,2023,Sistema," 480,795 ",495856.34
1213,2012,Operacional," 480,619 ",496553.945
615,2020,Fraude," 480,124 ",496022.445
1161,2018,Operacional," 479,290 ",496553.945
660,2020,Fallo de sistema," 478,204 ",495461.41
56,2013,Seguridad," 477,956 ",495735.33
637,2014,Fraude," 477,469 ",496022.445
127,2017,Legal," 477,063 ",498559.91
1280,2023,Fallo de sistema," 476,814 ",495461.41
592,2022,Fallo de sistema," 476,557 ",495461.41
606,2011,Seguridad," 476,496 ",495735.33
794,2017,Legal," 476,281 ",498559.91
1063,2020,Fraude," 475,770 ",496022.445
1566,2019,Fraude," 475,000 ",496022.445
743,2017,Legal," 474,655 ",498559.91
1251,2016,Operacional," 474,651 ",496553.945
285,2015,Seguridad," 474,607 ",495735.33
570,2016,Seguridad," 474,587 ",495735.33
488,2018,Sistema," 474,474 ",495856.34
1270,2014,Proceso," 474,423 ",495709.615
1438,2013,Sistema," 474,303 ",495856.34
1753,2022,Operacional," 474,178 ",496553.945
66,2022,Proceso," 474,106 ",495709.615
555,2021,Legal," 473,750 ",498559.91
1765,2013,Fraude," 473,431 ",496022.445
197,2012,Operacional," 473,376 ",496553.945
1052,2023,Proceso," 472,612 ",495709.615
1439,2019,Legal," 472,388 ",498559.91
441,2009,Operacional," 472,047 ",496553.945
1874,2020,Fraude," 472,020 ",496022.445
1700,2021,Seguridad," 471,644 ",495735.33
1882,2009,Proceso," 471,588 ",495709.615
423,2014,Proceso," 471,549 ",495709.615
1583,2020,Legal," 471,387 ",498559.91
1103,2017,Operacional," 471,330 ",496553.945
977,2009,Seguridad," 471,323 ",495735.33
1324,2012,Seguridad," 471,249 ",495735.33
1544,2012,Fraude," 470,825 ",496022.445
837,2018,Fallo de sistema," 470,695 ",495461.41
1309,2019,Seguridad," 470,446 ",495735.33
414,2014,Seguridad," 470,284 ",495735.33
1376,2017,Operacional," 470,269 ",496553.945
1558,2010,Sistema," 470,170 ",495856.34
1660,2019,Legal," 470,151 ",498559.91
1249,2022,Legal," 470,026 ",498559.91
892,2022,Sistema," 469,886 ",495856.34
882,2013,Operacional," 469,589 ",496553.945
1525,2018,Legal," 469,559 ",498559.91
1415,2023,Fallo de sistema," 469,509 ",495461.41
1228,2018,Seguridad," 469,268 ",495735.33
529,2023,Seguridad," 468,752 ",495735.33
1643,2022,Fallo de sistema," 468,617 ",495461.41
340,2020,Fallo de sistema," 468,608 ",495461.41
426,2019,Operacional," 468,224 ",496553.945
890,2017,Fallo de sistema," 468,197 ",495461.41
805,2018,Seguridad," 467,713 ",495735.33
1451,2016,Operacional," 467,651 ",496553.945
816,2016,Legal," 467,562 ",498559.91
1205,2017,Legal," 466,852 ",498559.91
1055,2023,Fallo de sistema," 466,630 ",495461.41
1399,2010,Seguridad," 466,229 ",495735.33
700,2015,Fraude," 465,574 ",496022.445
416,2014,Fraude," 465,513 ",496022.445
468,2011,Sistema," 465,473 ",495856.34
562,2012,Proceso," 465,373 ",495709.615
431,2020,Sistema," 465,155 ",495856.34
117,2010,Fraude," 464,784 ",496022.445
1114,2013,Legal," 464,715 ",498559.91
319,2011,Legal," 464,699 ",498559.91
573,2020,Fallo de sistema," 464,401 ",495461.41
1467,2012,Fraude," 464,263 ",496022.445
1649,2020,Seguridad," 464,123 ",495735.33
1488,2016,Fallo de sistema," 463,750 ",495461.41
1759,2010,Sistema," 463,531 ",495856.34
220,2013,Fallo de sistema," 462,893 ",495461.41
860,2022,Legal," 462,836 ",498559.91
1256,2011,Proceso," 462,599 ",495709.615
984,2023,Fallo de sistema," 462,356 ",495461.41
1441,2009,Sistema," 462,337 ",495856.34
1933,2023,Legal," 462,219 ",498559.91
1944,2023,Seguridad," 462,203 ",495735.33
973,2010,Operacional," 462,089 ",496553.945
1477,2014,Operacional," 461,261 ",496553.945
596,2021,Proceso," 459,774 ",495709.615
296,2015,Proceso," 459,449 ",495709.615
1737,2015,Proceso," 458,554 ",495709.615
396,2021,Fallo de sistema," 458,479 ",495461.41
1222,2011,Sistema," 458,385 ",495856.34
1292,2011,Fraude," 457,920 ",496022.445
947,2018,Operacional," 457,713 ",496553.945
1475,2018,Legal," 457,568 ",498559.91
838,2018,Operacional," 457,451 ",496553.945
1534,2015,Legal," 456,703 ",498559.91
1509,2023,Legal," 456,553 ",498559.91
1629,2022,Legal," 456,533 ",498559.91
918,2020,Fraude," 455,849 ",496022.445
923,2017,Seguridad," 455,673 ",495735.33
485,2019,Seguridad," 455,623 ",495735.33
1804,2020,Sistema," 455,491 ",495856.34
60,2017,Operacional," 455,428 ",496553.945
1278,2017,Fallo de sistema," 455,196 ",495461.41
167,2020,Fraude," 455,157 ",496022.445
85,2012,Operacional," 453,783 ",496553.945
1675,2011,Operacional," 453,717 ",496553.945
422,2011,Sistema," 453,693 ",495856.34
271,2015,Fallo de sistema," 453,564 ",495461.41
775,2017,Operacional," 453,380 ",496553.945
551,2013,Legal," 453,304 ",498559.91
492,2017,Proceso," 453,127 ",495709.615
1538,2013,Fallo de sistema," 452,478 ",495461.41
672,2009,Sistema," 451,975 ",495856.34
1000,2022,Sistema," 451,876 ",495856.34
1390,2015,Operacional," 451,746 ",496553.945
1408,2014,Fallo de sistema," 451,692 ",495461.41
1204,2012,Legal," 451,644 ",498559.91
1939,2019,Sistema," 451,450 ",495856.34
653,2015,Sistema," 451,216 ",495856.34
1709,2018,Fraude," 450,890 ",496022.445
634,2015,Seguridad," 450,790 ",495735.33
142,2011,Operacional," 450,260 ",496553.945
527,2017,Fallo de sistema," 449,828 ",495461.41
1664,2014,Operacional," 449,731 ",496553.945
1961,2016,Operacional," 449,495 ",496553.945
1343,2020,Fallo de sistema," 449,221 ",495461.41
1618,2010,Seguridad," 448,974 ",495735.33
581,2015,Fraude," 448,940 ",496022.445
545,2009,Seguridad," 448,141 ",495735.33
721,2011,Sistema," 448,124 ",495856.34
1621,2011,Proceso," 448,046 ",495709.615
410,2009,Sistema," 447,968 ",495856.34
1593,2014,Fallo de sistema," 447,953 ",495461.41
632,2022,Seguridad," 447,427 ",495735.33
299,2019,Legal," 447,332 ",498559.91
1959,2015,Fraude," 447,308 ",496022.445
1948,2020,Fallo de sistema," 447,238 ",495461.41
1416,2023,Seguridad," 447,099 ",495735.33
1697,2021,Proceso," 446,904 ",495709.615
1316,2013,Sistema," 446,055 ",495856.34
1214,2023,Legal," 445,964 ",498559.91
81,2023,Seguridad," 445,849 ",495735.33
1977,2018,Proceso," 445,768 ",495709.615
1952,2013,Proceso," 445,709 ",495709.615
902,2019,Seguridad," 445,138 ",495735.33
1391,2023,Legal," 445,052 ",498559.91
186,2017,Seguridad," 444,936 ",495735.33
1873,2010,Sistema," 444,899 ",495856.34
677,2020,Legal," 444,555 ",498559.91
1187,2023,Seguridad," 444,344 ",495735.33
149,2013,Fallo de sistema," 444,131 ",495461.41
1734,2016,Proceso," 443,673 ",495709.615
1069,2013,Seguridad," 442,924 ",495735.33
931,2013,Operacional," 442,597 ",496553.945
1302,2014,Proceso," 442,407 ",495709.615
343,2010,Legal," 442,328 ",498559.91
1006,2022,Legal," 442,304 ",498559.91
1711,2010,Seguridad," 442,293 ",495735.33
712,2021,Sistema," 441,484 ",495856.34
121,2018,Sistema," 441,247 ",495856.34
400,2012,Operacional," 441,114 ",496553.945
1027,2013,Fallo de sistema," 440,950 ",495461.41
1281,2019,Fraude," 440,926 ",496022.445
1072,2018,Fallo de sistema," 440,900 ",495461.41
111,2020,Fallo de sistema," 440,051 ",495461.41
687,2011,Operacional," 439,869 ",496553.945
796,2018,Fallo de sistema," 439,791 ",495461.41
519,2023,Legal," 439,748 ",498559.91
818,2009,Operacional," 439,114 ",496553.945
495,2015,Sistema," 438,946 ",495856.34
654,2010,Sistema," 438,800 ",495856.34
35,2021,Seguridad," 438,754 ",495735.33
34,2014,Seguridad," 438,742 ",495735.33
436,2021,Fallo de sistema," 437,880 ",495461.41
1359,2016,Legal," 437,827 ",498559.91
1823,2011,Sistema," 437,684 ",495856.34
1077,2020,Operacional," 437,211 ",496553.945
952,2021,Seguridad," 436,988 ",495735.33
1599,2009,Fraude," 436,681 ",496022.445
1578,2021,Fallo de sistema," 436,637 ",495461.41
990,2013,Sistema," 436,445 ",495856.34
321,2020,Fallo de sistema," 436,152 ",495461.41
134,2017,Proceso," 435,927 ",495709.615
1043,2015,Operacional," 435,863 ",496553.945
1795,2021,Fraude," 435,446 ",496022.445
461,2009,Sistema," 435,012 ",495856.34
1396,2009,Proceso," 434,933 ",495709.615
358,2022,Operacional," 434,603 ",496553.945
1153,2021,Seguridad," 434,451 ",495735.33
54,2017,Sistema," 434,407 ",495856.34
1239,2014,Fraude," 434,337 ",496022.445
384,2011,Operacional," 433,600 ",496553.945
420,2014,Proceso," 433,407 ",495709.615
449,2011,Fraude," 433,044 ",496022.445
946,2010,Legal," 432,731 ",498559.91
1547,2018,Fallo de sistema," 432,616 ",495461.41
579,2013,Fraude," 432,117 ",496022.445
1254,2015,Operacional," 431,957 ",496553.945
1597,2021,Fraude," 431,869 ",496022.445
368,2011,Legal," 431,837 ",498559.91
1560,2010,Sistema," 431,705 ",495856.34
1918,2014,Operacional," 431,642 ",496553.945
1019,2014,Legal," 431,623 ",498559.91
129,2023,Fallo de sistema," 431,577 ",495461.41
178,2009,Legal," 431,010 ",498559.91
1152,2011,Fraude," 430,895 ",496022.445
905,2016,Fraude," 430,798 ",496022.445
1247,2022,Seguridad," 430,662 ",495735.33
948,2016,Sistema," 430,052 ",495856.34
1983,2021,Sistema," 429,919 ",495856.34
455,2009,Seguridad," 429,619 ",495735.33
1190,2013,Fallo de sistema," 429,202 ",495461.41
1763,2014,Operacional," 429,120 ",496553.945
1066,2018,Sistema," 428,797 ",495856.34
1719,2014,Fallo de sistema," 428,739 ",495461.41
503,2016,Legal," 428,708 ",498559.91
1486,2018,Seguridad," 428,390 ",495735.33
1550,2023,Legal," 428,210 ",498559.91
617,2023,Fallo de sistema," 427,748 ",495461.41
1403,2016,Legal," 427,497 ",498559.91
1405,2015,Legal," 427,276 ",498559.91
609,2011,Fallo de sistema," 427,257 ",495461.41
96,2021,Proceso," 427,214 ",495709.615
1466,2012,Sistema," 426,638 ",495856.34
1142,2022,Sistema," 426,440 ",495856.34
269,2020,Seguridad," 426,426 ",495735.33
174,2013,Operacional," 426,069 ",496553.945
1920,2015,Proceso," 425,946 ",495709.615
806,2017,Fallo de sistema," 425,489 ",495461.41
758,2022,Proceso," 425,385 ",495709.615
1520,2015,Proceso," 424,918 ",495709.615
1215,2014,Fraude," 424,740 ",496022.445
1096,2019,Fraude," 424,116 ",496022.445
652,2016,Sistema," 423,789 ",495856.34
546,2016,Seguridad," 423,750 ",495735.33
206,2019,Proceso," 423,723 ",495709.615
673,2009,Seguridad," 423,079 ",495735.33
1650,2010,Legal," 422,586 ",498559.91
432,2023,Fraude," 422,280 ",496022.445
99,2018,Seguridad," 422,118 ",495735.33
781,2015,Operacional," 421,796 ",496553.945
1117,2018,Fraude," 421,320 ",496022.445
375,2012,Fallo de sistema," 421,273 ",495461.41
361,2013,Sistema," 421,195 ",495856.34
1900,2016,Fallo de sistema," 421,166 ",495461.41
208,2012,Sistema," 421,020 ",495856.34
1915,2015,Operacional," 420,070 ",496553.945
657,2019,Sistema," 420,068 ",495856.34
669,2013,Operacional," 419,990 ",496553.945
13,2019,Seguridad," 419,891 ",495735.33
245,2011,Seguridad," 419,436 ",495735.33
486,2018,Legal," 419,294 ",498559.91
41,2023,Sistema," 419,238 ",495856.34
1927,2016,Sistema," 418,928 ",495856.34
1940,2018,Fraude," 418,794 ",496022.445
1685,2013,Sistema," 418,413 ",495856.34
227,2022,Legal," 417,905 ",498559.91
619,2022,Legal," 417,869 ",498559.91
1487,2021,Proceso," 417,698 ",495709.615
1627,2009,Operacional," 417,461 ",496553.945
1283,2018,Operacional," 417,062 ",496553.945
954,2015,Fallo de sistema," 416,988 ",495461.41
98,2010,Legal," 416,825 ",498559.91
1252,2015,Fallo de sistema," 416,583 ",495461.41
1116,2020,Fallo de sistema," 415,852 ",495461.41
253,2009,Operacional," 415,514 ",496553.945
1752,2019,Operacional," 415,245 ",496553.945
522,2010,Fraude," 415,052 ",496022.445
1972,2020,Legal," 415,032 ",498559.91
132,2017,Seguridad," 414,964 ",495735.33
601,2023,Fraude," 414,866 ",496022.445
1349,2017,Sistema," 414,828 ",495856.34
159,2010,Operacional," 414,680 ",496553.945
1002,2011,Proceso," 414,607 ",495709.615
1713,2015,Proceso," 414,416 ",495709.615
991,2013,Legal," 414,230 ",498559.91
1811,2011,Fraude," 413,851 ",496022.445
247,2014,Proceso," 413,581 ",495709.615
690,2018,Operacional," 413,547 ",496553.945
417,2022,Legal," 413,531 ",498559.91
1203,2021,Fallo de sistema," 413,499 ",495461.41
1337,2022,Sistema," 413,483 ",495856.34
980,2014,Legal," 413,418 ",498559.91
11,2011,Proceso," 413,193 ",495709.615
1169,2022,Fraude," 413,133 ",496022.445
695,2018,Proceso," 412,569 ",495709.615
28,2010,Proceso," 412,443 ",495709.615
1188,2017,Fallo de sistema," 412,339 ",495461.41
401,2009,Legal," 412,065 ",498559.91
1173,2015,Legal," 412,060 ",498559.91
1960,2023,Fallo de sistema," 411,980 ",495461.41
479,2010,Fraude," 411,831 ",496022.445
676,2019,Sistema," 411,757 ",495856.34
1561,2019,Proceso," 411,425 ",495709.615
341,2017,Fallo de sistema," 411,141 ",495461.41
1176,2015,Sistema," 411,002 ",495856.34
386,2017,Fallo de sistema," 410,895 ",495461.41
1083,2013,Legal," 410,479 ",498559.91
1720,2022,Sistema," 410,393 ",495856.34
161,2015,Sistema," 410,186 ",495856.34
325,2018,Fallo de sistema," 410,079 ",495461.41
916,2016,Fallo de sistema," 409,366 ",495461.41
109,2022,Proceso," 409,285 ",495709.615
722,2012,Proceso," 409,195 ",495709.615
1392,2023,Sistema," 409,110 ",495856.34
906,2014,Fallo de sistema," 408,809 ",495461.41
259,2019,Seguridad," 408,562 ",495735.33
171,2011,Fraude," 408,545 ",496022.445
107,2023,Proceso," 408,524 ",495709.615
801,2015,Sistema," 408,389 ",495856.34
1958,2020,Sistema," 407,823 ",495856.34
1943,2022,Fallo de sistema," 406,904 ",495461.41
1200,2020,Fraude," 406,544 ",496022.445
1963,2012,Sistema," 406,317 ",495856.34
1264,2010,Seguridad," 405,319 ",495735.33
554,2014,Sistema," 405,120 ",495856.34
993,2018,Legal," 404,853 ",498559.91
342,2017,Proceso," 404,782 ",495709.615
797,2020,Fraude," 404,586 ",496022.445
628,2015,Sistema," 404,329 ",495856.34
625,2018,Operacional," 404,232 ",496553.945
168,2016,Seguridad," 404,203 ",495735.33
904,2018,Proceso," 403,787 ",495709.615
1899,2014,Fallo de sistema," 403,572 ",495461.41
304,2014,Proceso," 403,488 ",495709.615
1909,2021,Operacional," 403,183 ",496553.945
982,2009,Operacional," 403,116 ",496553.945
1907,2018,Proceso," 402,957 ",495709.615
1746,2021,Seguridad," 402,677 ",495735.33
623,2013,Seguridad," 402,572 ",495735.33
1992,2009,Fraude," 402,244 ",496022.445
755,2017,Fallo de sistema," 401,956 ",495461.41
1814,2013,Operacional," 401,623 ",496553.945
2,2012,Operacional," 401,375 ",496553.945
1206,2012,Sistema," 400,873 ",495856.34
137,2020,Legal," 400,377 ",498559.91
1917,2013,Fallo de sistema," 400,303 ",495461.41
1301,2022,Fraude," 400,237 ",496022.445
944,2023,Fallo de sistema," 400,060 ",495461.41
1385,2022,Fraude," 400,059 ",496022.445
779,2018,Seguridad," 398,976 ",495735.33
1742,2022,Legal," 398,808 ",498559.91
464,2021,Seguridad," 398,324 ",495735.33
1469,2019,Operacional," 398,208 ",496553.945
1005,2012,Legal," 397,448 ",498559.91
1516,2016,Fallo de sistema," 397,446 ",495461.41
1622,2023,Seguridad," 397,171 ",495735.33
1605,2011,Legal," 396,992 ",498559.91
329,2012,Fraude," 396,904 ",496022.445
265,2022,Sistema," 396,468 ",495856.34
203,2015,Legal," 396,068 ",498559.91
1864,2011,Seguridad," 395,940 ",495735.33
1824,2014,Sistema," 395,470 ",495856.34
1600,2015,Proceso," 394,957 ",495709.615
1021,2019,Fallo de sistema," 394,927 ",495461.41
1319,2020,Fraude," 394,915 ",496022.445
45,2023,Seguridad," 394,791 ",495735.33
68,2018,Fraude," 394,612 ",496022.445
950,2010,Legal," 393,899 ",498559.91
935,2021,Seguridad," 393,598 ",495735.33
73,2012,Sistema," 393,588 ",495856.34
1179,2023,Fallo de sistema," 393,567 ",495461.41
976,2023,Fallo de sistema," 393,475 ",495461.41
994,2018,Fallo de sistema," 393,393 ",495461.41
1442,2014,Seguridad," 393,121 ",495735.33
1413,2018,Proceso," 393,036 ",495709.615
833,2020,Operacional," 392,849 ",496553.945
961,2009,Sistema," 392,764 ",495856.34
829,2020,Fraude," 392,646 ",496022.445
1923,2013,Fallo de sistema," 392,600 ",495461.41
620,2022,Operacional," 392,426 ",496553.945
1545,2017,Legal," 392,319 ",498559.91
958,2009,Fraude," 392,210 ",496022.445
1191,2020,Legal," 392,102 ",498559.91
1594,2014,Seguridad," 391,967 ",495735.33
407,2015,Sistema," 391,725 ",495856.34
261,2016,Proceso," 391,412 ",495709.615
777,2021,Legal," 391,303 ",498559.91
1607,2016,Fraude," 391,243 ",496022.445
480,2023,Fallo de sistema," 391,226 ",495461.41
1766,2018,Sistema," 391,026 ",495856.34
1635,2016,Proceso," 390,971 ",495709.615
614,2022,Fallo de sistema," 390,893 ",495461.41
832,2021,Legal," 390,717 ",498559.91
1694,2015,Operacional," 390,701 ",496553.945
1863,2015,Sistema," 390,679 ",495856.34
747,2011,Sistema," 390,585 ",495856.34
1354,2009,Seguridad," 390,497 ",495735.33
1996,2020,Legal," 390,394 ",498559.91
1726,2012,Proceso," 390,314 ",495709.615
1586,2009,Fallo de sistema," 390,214 ",495461.41
1902,2010,Fraude," 388,950 ",496022.445
541,2014,Legal," 388,687 ",498559.91
1344,2010,Legal," 388,625 ",498559.91
1175,2023,Fraude," 388,618 ",496022.445
1064,2022,Legal," 388,468 ",498559.91
1738,2009,Proceso," 388,369 ",495709.615
1310,2011,Operacional," 388,180 ",496553.945
1141,2016,Fallo de sistema," 387,377 ",495461.41
693,2018,Fallo de sistema," 387,179 ",495461.41
1180,2020,Fallo de sistema," 387,058 ",495461.41
1654,2009,Legal," 387,012 ",498559.91
1462,2019,Proceso," 387,003 ",495709.615
239,2019,Fraude," 386,996 ",496022.445
1474,2022,Fallo de sistema," 386,917 ",495461.41
610,2013,Fallo de sistema," 386,771 ",495461.41
1062,2023,Legal," 386,720 ",498559.91
1445,2023,Fallo de sistema," 386,486 ",495461.41
884,2011,Operacional," 386,378 ",496553.945
453,2016,Sistema," 385,620 ",495856.34
941,2010,Fallo de sistema," 385,601 ",495461.41
1703,2010,Fraude," 384,296 ",496022.445
1844,2019,Sistema," 384,235 ",495856.34
1998,2016,Seguridad," 383,982 ",495735.33
1875,2011,Sistema," 383,149 ",495856.34
1375,2012,Fallo de sistema," 382,815 ",495461.41
1060,2009,Operacional," 382,636 ",496553.945
767,2020,Legal," 382,595 ",498559.91
616,2013,Seguridad," 382,026 ",495735.33
675,2018,Seguridad," 381,791 ",495735.33
1456,2021,Proceso," 381,684 ",495709.615
318,2021,Fraude," 381,536 ",496022.445
730,2020,Legal," 381,479 ",498559.91
498,2015,Fallo de sistema," 381,392 ",495461.41
196,2009,Sistema," 381,192 ",495856.34
1634,2009,Proceso," 381,180 ",495709.615
1840,2012,Legal," 381,076 ",498559.91
568,2011,Fraude," 380,783 ",496022.445
574,2018,Fallo de sistema," 380,666 ",495461.41
1448,2021,Seguridad," 380,452 ",495735.33
381,2016,Fallo de sistema," 380,046 ",495461.41
184,2015,Legal," 379,916 ",498559.91
1796,2009,Fallo de sistema," 379,784 ",495461.41
719,2011,Seguridad," 379,775 ",495735.33
1129,2009,Sistema," 379,492 ",495856.34
1144,2023,Seguridad," 379,375 ",495735.33
1552,2017,Sistema," 378,975 ",495856.34
1931,2021,Proceso," 378,411 ",495709.615
288,2009,Fraude," 377,556 ",496022.445
465,2013,Seguridad," 377,257 ",495735.33
1042,2011,Sistema," 377,179 ",495856.34
735,2017,Seguridad," 377,161 ",495735.33
1470,2019,Proceso," 377,113 ",495709.615
1046,2010,Proceso," 377,044 ",495709.615
1075,2018,Operacional," 376,567 ",496553.945
658,2012,Fallo de sistema," 376,134 ",495461.41
1427,2009,Sistema," 376,086 ",495856.34
1776,2020,Legal," 375,975 ",498559.91
1667,2013,Legal," 375,264 ",498559.91
145,2011,Seguridad," 375,176 ",495735.33
1491,2017,Sistema," 374,964 ",495856.34
1038,2013,Seguridad," 374,946 ",495735.33
1166,2010,Sistema," 374,368 ",495856.34
1601,2009,Legal," 374,332 ",498559.91
1199,2022,Seguridad," 374,254 ",495735.33
1181,2021,Sistema," 374,171 ",495856.34
1263,2014,Operacional," 374,149 ",496553.945
978,2013,Operacional," 373,642 ",496553.945
278,2009,Fraude," 373,184 ",496022.445
1155,2023,Operacional," 373,131 ",496553.945
1619,2009,Seguridad," 372,845 ",495735.33
1095,2023,Operacional," 371,798 ",496553.945
900,2015,Sistema," 371,670 ",495856.34
988,2013,Fraude," 371,523 ",496022.445
1400,2022,Seguridad," 371,060 ",495735.33
157,2016,Proceso," 370,750 ",495709.615
1018,2014,Fraude," 370,572 ",496022.445
1286,2020,Proceso," 370,542 ",495709.615
853,2023,Seguridad," 370,341 ",495735.33
896,2013,Fraude," 369,965 ",496022.445
512,2009,Seguridad," 369,774 ",495735.33
1987,2015,Legal," 369,514 ",498559.91
51,2020,Fraude," 369,045 ",496022.445
470,2017,Fallo de sistema," 368,811 ",495461.41
1394,2017,Proceso," 368,384 ",495709.615
1195,2009,Seguridad," 368,378 ",495735.33
490,2016,Sistema," 368,364 ",495856.34
262,2017,Fraude," 367,554 ",496022.445
317,2014,Sistema," 367,281 ",495856.34
1806,2019,Fraude," 367,219 ",496022.445
1568,2014,Fraude," 367,208 ",496022.445
830,2023,Operacional," 367,010 ",496553.945
327,2023,Fallo de sistema," 366,793 ",495461.41
1234,2014,Operacional," 366,769 ",496553.945
1026,2020,Seguridad," 366,475 ",495735.33
602,2013,Seguridad," 366,329 ",495735.33
716,2013,Proceso," 366,131 ",495709.615
1073,2016,Sistema," 365,927 ",495856.34
1764,2010,Fraude," 365,848 ",496022.445
267,2018,Sistema," 365,678 ",495856.34
462,2012,Legal," 365,518 ",498559.91
31,2009,Fallo de sistema," 365,393 ",495461.41
120,2016,Fallo de sistema," 365,200 ",495461.41
1557,2015,Legal," 365,126 ",498559.91
1418,2009,Operacional," 365,002 ",496553.945
1107,2021,Proceso," 364,888 ",495709.615
1797,2018,Proceso," 364,037 ",495709.615
1922,2023,Fraude," 363,693 ",496022.445
692,2021,Proceso," 363,648 ",495709.615
894,2023,Proceso," 363,137 ",495709.615
298,2015,Fallo de sistema," 363,133 ",495461.41
543,2020,Operacional," 363,088 ",496553.945
557,2022,Proceso," 362,766 ",495709.615
494,2014,Seguridad," 362,703 ",495735.33
1154,2012,Fraude," 362,448 ",496022.445
1904,2020,Sistema," 362,403 ",495856.34
1743,2017,Operacional," 362,392 ",496553.945
347,2018,Legal," 361,852 ",498559.91
707,2021,Legal," 361,841 ",498559.91
1014,2015,Legal," 361,243 ",498559.91
402,2022,Sistema," 361,139 ",495856.34
128,2021,Seguridad," 360,975 ",495735.33
397,2017,Operacional," 360,607 ",496553.945
979,2015,Fraude," 360,562 ",496022.445
383,2022,Proceso," 360,176 ",495709.615
459,2011,Operacional," 360,107 ",496553.945
665,2009,Operacional," 359,861 ",496553.945
126,2021,Operacional," 359,496 ",496553.945
131,2009,Fallo de sistema," 359,068 ",495461.41
1549,2011,Operacional," 358,843 ",496553.945
1363,2022,Fallo de sistema," 357,878 ",495461.41
408,2011,Operacional," 357,804 ",496553.945
1071,2012,Operacional," 357,606 ",496553.945
793,2020,Legal," 357,491 ",498559.91
1132,2021,Fallo de sistema," 356,905 ",495461.41
970,2009,Fraude," 356,767 ",496022.445
1714,2015,Seguridad," 356,710 ",495735.33
1147,2018,Operacional," 356,676 ",496553.945
270,2022,Fraude," 355,731 ",496022.445
528,2018,Fraude," 355,358 ",496022.445
1530,2017,Fallo de sistema," 355,356 ",495461.41
1679,2022,Fallo de sistema," 355,347 ",495461.41
365,2017,Proceso," 355,345 ",495709.615
487,2010,Sistema," 354,982 ",495856.34
248,2016,Legal," 354,798 ",498559.91
748,2009,Proceso," 354,536 ",495709.615
1453,2021,Fallo de sistema," 354,353 ",495461.41
9,2015,Proceso," 354,136 ",495709.615
1201,2017,Sistema," 353,712 ",495856.34
1350,2010,Legal," 353,631 ",498559.91
1109,2021,Sistema," 353,611 ",495856.34
785,2013,Operacional," 353,390 ",496553.945
1223,2018,Operacional," 353,373 ",496553.945
1450,2012,Operacional," 352,338 ",496553.945
868,2014,Sistema," 352,192 ",495856.34
1289,2018,Fallo de sistema," 351,617 ",495461.41
1446,2023,Sistema," 351,542 ",495856.34
1890,2016,Seguridad," 350,990 ",495735.33
913,2020,Seguridad," 350,733 ",495735.33
344,2015,Proceso," 350,317 ",495709.615
1595,2020,Operacional," 350,153 ",496553.945
1580,2019,Sistema," 350,145 ",495856.34
12,2015,Fraude," 349,958 ",496022.445
1387,2021,Proceso," 349,567 ",495709.615
604,2021,Seguridad," 349,457 ",495735.33
355,2009,Seguridad," 349,180 ",495735.33
1769,2014,Seguridad," 349,160 ",495735.33
1074,2009,Proceso," 348,940 ",495709.615
1715,2020,Proceso," 348,651 ",495709.615
1053,2019,Fraude," 348,617 ",496022.445
863,2020,Seguridad," 348,203 ",495735.33
1478,2014,Operacional," 348,117 ",496553.945
162,2015,Fraude," 347,746 ",496022.445
1985,2011,Fraude," 347,632 ",496022.445
58,2015,Seguridad," 347,531 ",495735.33
1799,2020,Fallo de sistema," 347,209 ",495461.41
1656,2015,Sistema," 346,974 ",495856.34
1306,2023,Proceso," 345,915 ",495709.615
1295,2012,Proceso," 345,649 ",495709.615
1744,2016,Proceso," 345,512 ",495709.615
561,2016,Legal," 345,358 ",498559.91
560,2015,Sistema," 345,310 ",495856.34
856,2009,Fallo de sistema," 345,200 ",495461.41
1617,2011,Seguridad," 344,693 ",495735.33
483,2010,Fraude," 344,334 ",496022.445
349,2015,Seguridad," 344,016 ",495735.33
1382,2016,Fallo de sistema," 343,833 ",495461.41
1277,2022,Operacional," 343,165 ",496553.945
1272,2009,Fallo de sistema," 343,012 ",495461.41
1938,2010,Legal," 342,628 ",498559.91
1299,2009,Proceso," 342,043 ",495709.615
473,2014,Operacional," 341,415 ",496553.945
1565,2020,Proceso," 341,394 ",495709.615
359,2020,Legal," 341,193 ",498559.91
1659,2015,Fallo de sistema," 340,995 ",495461.41
281,2010,Legal," 340,697 ",498559.91
662,2011,Legal," 340,095 ",498559.91
1639,2011,Legal," 339,920 ",498559.91
1044,2014,Seguridad," 339,810 ",495735.33
1061,2016,Sistema," 339,770 ",495856.34
1512,2014,Operacional," 339,379 ",496553.945
824,2017,Legal," 339,093 ",498559.91
1128,2010,Proceso," 339,059 ",495709.615
251,2022,Fraude," 339,016 ",496022.445
798,2009,Fraude," 338,899 ",496022.445
70,2018,Seguridad," 338,537 ",495735.33
1235,2013,Seguridad," 338,387 ",495735.33
440,2009,Legal," 338,378 ",498559.91
433,2009,Sistema," 338,248 ",495856.34
520,2020,Sistema," 338,114 ",495856.34
114,2016,Sistema," 338,035 ",495856.34
427,2010,Fallo de sistema," 337,895 ",495461.41
124,2020,Seguridad," 337,629 ",495735.33
1455,2013,Fraude," 337,525 ",496022.445
582,2023,Legal," 337,500 ",498559.91
1207,2018,Seguridad," 337,455 ",495735.33
1997,2017,Fallo de sistema," 337,177 ",495461.41
1067,2011,Legal," 336,950 ",498559.91
1903,2017,Operacional," 336,751 ",496553.945
872,2020,Legal," 336,356 ",498559.91
533,2018,Proceso," 336,150 ",495709.615
768,2017,Legal," 335,857 ",498559.91
122,2017,Legal," 335,801 ",498559.91
912,2018,Legal," 335,667 ",498559.91
1460,2021,Operacional," 335,346 ",496553.945
1315,2018,Fallo de sistema," 334,985 ",495461.41
478,2016,Fraude," 333,766 ",496022.445
366,2011,Proceso," 333,760 ",495709.615
1197,2014,Sistema," 333,719 ",495856.34
1988,2022,Fraude," 333,642 ",496022.445
1965,2014,Sistema," 333,468 ",495856.34
1848,2017,Seguridad," 333,017 ",495735.33
136,2009,Seguridad," 332,981 ",495735.33
764,2013,Operacional," 332,908 ",496553.945
898,2014,Operacional," 332,832 ",496553.945
1370,2011,Sistema," 332,437 ",495856.34
517,2011,Operacional," 331,841 ",496553.945
1794,2018,Legal," 331,735 ",498559.91
138,2016,Seguridad," 331,670 ",495735.33
1134,2017,Fallo de sistema," 331,579 ",495461.41
1884,2017,Operacional," 330,909 ",496553.945
587,2018,Fallo de sistema," 329,898 ",495461.41
47,2022,Proceso," 329,754 ",495709.615
1383,2015,Seguridad," 329,383 ",495735.33
1698,2011,Seguridad," 329,369 ",495735.33
1829,2014,Fallo de sistema," 328,537 ",495461.41
1380,2010,Fallo de sistema," 328,371 ",495461.41
1172,2011,Fallo de sistema," 327,700 ",495461.41
1646,2009,Fallo de sistema," 327,426 ",495461.41
915,2018,Fraude," 327,343 ",496022.445
1502,2016,Operacional," 327,038 ",496553.945
1885,2015,Operacional," 326,465 ",496553.945
1862,2017,Seguridad," 326,394 ",495735.33
1483,2022,Legal," 326,106 ",498559.91
538,2018,Sistema," 325,828 ",495856.34
1887,2023,Legal," 325,562 ",498559.91
1657,2011,Fraude," 324,470 ",496022.445
1822,2016,Proceso," 324,404 ",495709.615
1088,2019,Legal," 324,239 ",498559.91
463,2023,Fallo de sistema," 324,209 ",495461.41
1539,2023,Fallo de sistema," 324,111 ",495461.41
1458,2012,Fraude," 323,654 ",496022.445
148,2019,Fraude," 323,579 ",496022.445
147,2009,Legal," 323,402 ",498559.91
194,2023,Proceso," 323,225 ",495709.615
1949,2021,Sistema," 322,807 ",495856.34
1850,2010,Legal," 322,786 ",498559.91
539,2014,Operacional," 322,651 ",496553.945
324,2011,Seguridad," 322,591 ",495735.33
1259,2013,Seguridad," 322,484 ",495735.33
553,2012,Seguridad," 321,767 ",495735.33
1284,2011,Fraude," 321,646 ",496022.445
514,2022,Fallo de sistema," 321,288 ",495461.41
867,2009,Seguridad," 321,174 ",495735.33
717,2017,Seguridad," 320,677 ",495735.33
309,2014,Fallo de sistema," 320,459 ",495461.41
69,2017,Legal," 320,163 ",498559.91
1279,2010,Seguridad," 319,877 ",495735.33
1233,2021,Seguridad," 319,523 ",495735.33
953,2013,Proceso," 319,339 ",495709.615
1842,2009,Fallo de sistema," 319,313 ",495461.41
156,2017,Seguridad," 319,301 ",495735.33
1500,2012,Fallo de sistema," 318,910 ",495461.41
388,2017,Operacional," 318,908 ",496553.945
1165,2016,Proceso," 318,744 ",495709.615
589,2009,Proceso," 318,633 ",495709.615
684,2021,Fraude," 318,385 ",496022.445
641,2012,Fallo de sistema," 318,086 ",495461.41
19,2016,Legal," 317,909 ",498559.91
1029,2022,Legal," 317,685 ",498559.91
452,2013,Fallo de sistema," 317,578 ",495461.41
444,2022,Sistema," 317,536 ",495856.34
1906,2019,Fallo de sistema," 317,072 ",495461.41
1243,2015,Sistema," 316,903 ",495856.34
337,2016,Proceso," 316,820 ",495709.615
323,2012,Fraude," 316,640 ",496022.445
1569,2016,Sistema," 316,487 ",495856.34
995,2011,Operacional," 316,476 ",496553.945
744,2014,Sistema," 316,448 ",495856.34
353,2012,Seguridad," 316,413 ",495735.33
1119,2014,Proceso," 316,362 ",495709.615
1257,2023,Seguridad," 316,190 ",495735.33
854,2017,Operacional," 315,720 ",496553.945
1334,2014,Proceso," 315,660 ",495709.615
1189,2015,Fallo de sistema," 315,390 ",495461.41
740,2009,Fraude," 314,589 ",496022.445
17,2012,Fallo de sistema," 314,491 ",495461.41
808,2019,Proceso," 314,369 ",495709.615
888,2010,Operacional," 314,116 ",496553.945
1790,2021,Proceso," 313,602 ",495709.615
1464,2011,Seguridad," 313,535 ",495735.33
39,2019,Legal," 313,462 ",498559.91
885,2011,Fraude," 312,977 ",496022.445
799,2021,Seguridad," 312,890 ",495735.33
1428,2021,Fraude," 312,115 ",496022.445
1898,2014,Fraude," 311,743 ",496022.445
90,2022,Fraude," 311,637 ",496022.445
647,2009,Operacional," 311,398 ",496553.945
15,2016,Legal," 311,051 ",498559.91
572,2011,Proceso," 310,833 ",495709.615
544,2013,Sistema," 310,248 ",495856.34
1505,2023,Operacional," 310,188 ",496553.945
1724,2020,Legal," 310,052 ",498559.91
1647,2015,Proceso," 310,000 ",495709.615
1308,2021,Fallo de sistema," 309,877 ",495461.41
1847,2010,Fraude," 309,767 ",496022.445
1242,2014,Fraude," 309,645 ",496022.445
895,2009,Operacional," 309,007 ",496553.945
1351,2020,Sistema," 308,992 ",495856.34
1596,2023,Operacional," 308,855 ",496553.945
1293,2012,Seguridad," 308,541 ",495735.33
780,2018,Seguridad," 308,340 ",495735.33
1447,2012,Proceso," 308,012 ",495709.615
1928,2010,Operacional," 307,628 ",496553.945
880,2019,Proceso," 306,517 ",495709.615
1065,2015,Fraude," 306,057 ",496022.445
1479,2016,Legal," 305,775 ",498559.91
1440,2018,Fraude," 305,361 ",496022.445
720,2009,Seguridad," 305,206 ",495735.33
1108,2010,Fallo de sistema," 304,596 ",495461.41
235,2022,Sistema," 303,832 ",495856.34
523,2015,Fraude," 303,467 ",496022.445
295,2014,Fraude," 303,272 ",496022.445
819,2014,Legal," 303,147 ",498559.91
851,2016,Proceso," 303,136 ",495709.615
1925,2017,Proceso," 303,135 ",495709.615
1139,2014,Operacional," 303,100 ",496553.945
84,2009,Fraude," 302,432 ",496022.445
1409,2011,Fraude," 302,322 ",496022.445
1559,2019,Proceso," 302,295 ",495709.615
530,2022,Operacional," 302,043 ",496553.945
1856,2009,Fallo de sistema," 301,993 ",495461.41
618,2009,Operacional," 301,929 ",496553.945
1307,2012,Seguridad," 301,917 ",495735.33
1865,2011,Seguridad," 301,632 ",495735.33
302,2009,Seguridad," 301,456 ",495735.33
1642,2011,Fallo de sistema," 301,239 ",495461.41
834,2014,Operacional," 300,950 ",496553.945
1429,2013,Sistema," 300,540 ",495856.34
1151,2009,Sistema," 300,286 ",495856.34
1506,2018,Seguridad," 300,214 ",495735.33
274,2009,Legal," 299,961 ",498559.91
962,2019,Fallo de sistema," 299,824 ",495461.41
32,2020,Fraude," 299,805 ",496022.445
150,2018,Proceso," 299,748 ",495709.615
1501,2013,Fallo de sistema," 299,049 ",495461.41
927,2023,Operacional," 298,951 ",496553.945
1296,2009,Sistema," 298,791 ",495856.34
140,2023,Operacional," 298,564 ",496553.945
204,2021,Sistema," 298,398 ",495856.34
858,2021,Legal," 298,084 ",498559.91
928,2009,Fraude," 297,807 ",496022.445
1894,2013,Fallo de sistema," 297,477 ",495461.41
1288,2014,Proceso," 297,447 ",495709.615
682,2022,Sistema," 297,307 ",495856.34
409,2009,Operacional," 297,149 ",496553.945
273,2011,Sistema," 296,914 ",495856.34
1984,2010,Operacional," 296,558 ",496553.945
1910,2018,Legal," 296,416 ",498559.91
303,2023,Fraude," 296,112 ",496022.445
94,2012,Sistema," 295,843 ",495856.34
704,2010,Seguridad," 295,625 ",495735.33
179,2013,Sistema," 295,552 ",495856.34
964,2018,Proceso," 295,526 ",495709.615
1443,2014,Legal," 295,384 ",498559.91
1426,2017,Sistema," 294,878 ",495856.34
1149,2009,Sistema," 294,664 ",495856.34
1591,2009,Seguridad," 292,954 ",495735.33
1812,2018,Fraude," 292,834 ",496022.445
1157,2023,Proceso," 292,749 ",495709.615
1282,2016,Sistema," 292,665 ",495856.34
1570,2017,Fraude," 292,219 ",496022.445
873,2021,Fallo de sistema," 292,195 ",495461.41
411,2020,Fallo de sistema," 292,050 ",495461.41
374,2016,Proceso," 292,045 ",495709.615
256,2020,Operacional," 291,909 ",496553.945
534,2018,Fraude," 291,522 ",496022.445
847,2022,Seguridad," 291,509 ",495735.33
1030,2019,Operacional," 291,490 ",496553.945
1576,2009,Proceso," 291,127 ",495709.615
1929,2019,Operacional," 291,017 ",496553.945
1123,2013,Seguridad," 290,927 ",495735.33
209,2021,Fallo de sistema," 290,531 ",495461.41
1268,2012,Proceso," 290,283 ",495709.615
183,2022,Operacional," 290,054 ",496553.945
475,2011,Legal," 290,008 ",498559.91
1237,2009,Fallo de sistema," 289,841 ",495461.41
354,2020,Proceso," 288,943 ",495709.615
1410,2015,Legal," 288,730 ",498559.91
1633,2012,Fraude," 288,660 ",496022.445
1050,2010,Proceso," 288,129 ",495709.615
504,2021,Fallo de sistema," 288,102 ",495461.41
112,2017,Operacional," 287,815 ",496553.945
1615,2022,Operacional," 287,644 ",496553.945
650,2021,Seguridad," 287,347 ",495735.33
46,2022,Operacional," 287,101 ",496553.945
1419,2012,Operacional," 287,038 ",496553.945
1990,2021,Sistema," 286,749 ",495856.34
1039,2022,Legal," 286,384 ",498559.91
421,2021,Sistema," 286,333 ",495856.34
1210,2021,Seguridad," 286,010 ",495735.33
515,2022,Operacional," 285,754 ",496553.945
1238,2013,Proceso," 285,173 ",495709.615
1482,2018,Legal," 284,664 ",498559.91
516,2020,Sistema," 284,478 ",495856.34
26,2022,Proceso," 284,018 ",495709.615
1771,2009,Operacional," 283,541 ",496553.945
1775,2018,Fallo de sistema," 283,470 ",495461.41
1630,2014,Sistema," 283,278 ",495856.34
1740,2011,Legal," 283,145 ",498559.91
419,2014,Legal," 282,927 ",498559.91
430,2009,Legal," 282,750 ",498559.91
870,2014,Legal," 282,266 ",498559.91
666,2021,Operacional," 282,099 ",496553.945
394,2014,Proceso," 282,081 ",495709.615
293,2020,Seguridad," 281,793 ",495735.33
1374,2022,Legal," 281,715 ",498559.91
540,2023,Fallo de sistema," 281,085 ",495461.41
1602,2021,Legal," 281,067 ",498559.91
578,2018,Sistema," 280,876 ",495856.34
1582,2018,Sistema," 280,729 ",495856.34
746,2019,Seguridad," 280,486 ",495735.33
210,2015,Fallo de sistema," 280,285 ",495461.41
1381,2016,Legal," 280,230 ",498559.91
1712,2011,Fallo de sistema," 280,143 ",495461.41
16,2013,Operacional," 280,033 ",496553.945
783,2023,Fallo de sistema," 279,931 ",495461.41
1411,2011,Legal," 279,824 ",498559.91
1156,2023,Operacional," 279,406 ",496553.945
1625,2014,Fallo de sistema," 279,098 ",495461.41
1485,2020,Operacional," 278,672 ",496553.945
1673,2016,Fallo de sistema," 278,608 ",495461.41
845,2010,Operacional," 278,192 ",496553.945
1262,2023,Seguridad," 277,789 ",495735.33
387,2011,Proceso," 277,774 ",495709.615
1955,2018,Proceso," 277,624 ",495709.615
1434,2012,Seguridad," 277,614 ",495735.33
986,2014,Legal," 277,137 ",498559.91
866,2016,Fraude," 277,136 ",496022.445
1962,2009,Proceso," 277,003 ",495709.615
1800,2022,Fraude," 276,828 ",496022.445
457,2013,Seguridad," 276,483 ",495735.33
622,2012,Sistema," 276,443 ",495856.34
1318,2018,Sistema," 276,387 ",495856.34
855,2015,Fallo de sistema," 275,254 ",495461.41
141,2019,Fraude," 275,242 ",496022.445
1163,2015,Sistema," 275,122 ",495856.34
279,2019,Fraude," 275,112 ",496022.445
770,2019,Operacional," 275,106 ",496553.945
352,2017,Fraude," 275,016 ",496022.445
376,2019,Proceso," 274,941 ",495709.615
518,2015,Fallo de sistema," 274,643 ",495461.41
1125,2020,Seguridad," 274,468 ",495735.33
843,2021,Sistema," 274,345 ",495856.34
1707,2012,Proceso," 274,188 ",495709.615
1805,2014,Proceso," 274,160 ",495709.615
1368,2013,Proceso," 274,072 ",495709.615
521,2010,Operacional," 273,935 ",496553.945
911,2016,Proceso," 273,891 ",495709.615
575,2015,Seguridad," 273,883 ",495735.33
702,2018,Legal," 273,804 ",498559.91
1914,2009,Legal," 273,801 ",498559.91
1049,2010,Fraude," 273,796 ",496022.445
1097,2014,Operacional," 273,247 ",496553.945
1826,2015,Operacional," 273,245 ",496553.945
233,2017,Operacional," 273,145 ",496553.945
254,2011,Sistema," 272,869 ",495856.34
678,2021,Sistema," 272,708 ",495856.34
481,2014,Operacional," 272,359 ",496553.945
1513,2011,Legal," 271,968 ",498559.91
177,2011,Seguridad," 271,725 ",495735.33
731,2009,Fraude," 271,693 ",496022.445
891,2009,Fallo de sistema," 271,453 ",495461.41
1143,2019,Legal," 271,282 ",498559.91
1023,2020,Proceso," 271,143 ",495709.615
1523,2013,Fallo de sistema," 270,960 ",495461.41
787,2015,Sistema," 270,827 ",495856.34
558,2023,Fallo de sistema," 269,868 ",495461.41
1669,2011,Proceso," 269,354 ",495709.615
95,2014,Proceso," 268,967 ",495709.615
1774,2014,Legal," 268,149 ",498559.91
1830,2014,Legal," 268,041 ",498559.91
956,2009,Proceso," 267,978 ",495709.615
786,2011,Seguridad," 267,611 ",495735.33
1164,2022,Sistema," 267,092 ",495856.34
18,2016,Operacional," 266,805 ",496553.945
163,2022,Legal," 266,714 ",498559.91
242,2012,Seguridad," 266,597 ",495735.33
703,2013,Seguridad," 266,479 ",495735.33
216,2018,Fallo de sistema," 266,424 ",495461.41
1020,2011,Seguridad," 266,413 ",495735.33
1668,2011,Fallo de sistema," 266,299 ",495461.41
110,2015,Operacional," 266,268 ",496553.945
1081,2010,Operacional," 266,257 ",496553.945
40,2019,Sistema," 266,127 ",495856.34
207,2021,Operacional," 266,012 ",496553.945
537,2012,Legal," 265,838 ",498559.91
158,2020,Seguridad," 265,466 ",495735.33
1327,2013,Legal," 265,411 ",498559.91
1168,2018,Proceso," 264,833 ",495709.615
328,2011,Operacional," 264,760 ",496553.945
550,2020,Legal," 264,105 ",498559.91
585,2013,Seguridad," 264,089 ",495735.33
322,2019,Sistema," 264,086 ",495856.34
389,2021,Proceso," 263,613 ",495709.615
191,2020,Legal," 263,380 ",498559.91
874,2021,Proceso," 263,352 ",495709.615
52,2015,Fallo de sistema," 263,095 ",495461.41
1857,2017,Fraude," 262,277 ",496022.445
1612,2009,Operacional," 262,270 ",496553.945
1579,2023,Fallo de sistema," 262,048 ",495461.41
1378,2018,Operacional," 261,857 ",496553.945
593,2014,Fraude," 261,747 ",496022.445
292,2013,Proceso," 261,700 ",495709.615
1425,2014,Operacional," 261,455 ",496553.945
1004,2021,Operacional," 261,278 ",496553.945
1126,2018,Operacional," 261,016 ",496553.945
1424,2021,Fraude," 260,517 ",496022.445
849,2012,Sistema," 260,332 ",495856.34
1678,2016,Seguridad," 259,620 ",495735.33
738,2022,Fraude," 259,281 ",496022.445
199,2012,Seguridad," 259,102 ",495735.33
852,2021,Operacional," 258,878 ",496553.945
975,2011,Legal," 258,696 ",498559.91
696,2022,Legal," 258,314 ",498559.91
627,2013,Proceso," 257,827 ",495709.615
1194,2017,Sistema," 257,586 ",495856.34
1389,2009,Fraude," 257,412 ",496022.445
937,2022,Proceso," 257,292 ",495709.615
1100,2016,Operacional," 257,171 ",496553.945
1778,2013,Seguridad," 257,078 ",495735.33
1449,2016,Sistema," 256,948 ",495856.34
286,2013,Sistema," 256,938 ",495856.34
1395,2009,Fallo de sistema," 256,936 ",495461.41
907,2020,Operacional," 256,850 ",496553.945
639,2012,Fallo de sistema," 256,847 ",495461.41
1653,2016,Legal," 256,638 ",498559.91
1058,2017,Operacional," 256,630 ",496553.945
192,2021,Fraude," 256,329 ",496022.445
1866,2010,Legal," 256,308 ",498559.91
1226,2014,Proceso," 256,306 ",495709.615
1082,2014,Legal," 255,770 ",498559.91
1393,2009,Sistema," 255,564 ",495856.34
250,2017,Sistema," 254,216 ",495856.34
1841,2019,Proceso," 254,034 ",495709.615
773,2013,Fraude," 253,830 ",496022.445
1507,2009,Legal," 253,659 ",498559.91
1836,2023,Fraude," 252,805 ",496022.445
1250,2023,Fallo de sistema," 252,498 ",495461.41
151,2015,Fraude," 251,575 ",496022.445
1297,2020,Seguridad," 251,286 ",495735.33
802,2022,Fraude," 251,256 ",496022.445
784,2018,Seguridad," 251,043 ",495735.33
1849,2018,Fallo de sistema," 250,855 ",495461.41
1704,2009,Sistema," 250,738 ",495856.34
960,2023,Proceso," 250,540 ",495709.615
955,2016,Fraude," 250,216 ",496022.445
1946,2011,Operacional," 249,987 ",496553.945
447,2013,Operacional," 249,787 ",496553.945
590,2023,Proceso," 249,620 ",495709.615
899,2011,Proceso," 249,522 ",495709.615
563,2021,Fraude," 249,159 ",496022.445
1736,2022,Legal," 248,951 ",498559.91
1054,2011,Fraude," 248,356 ",496022.445
638,2013,Legal," 247,843 ",498559.91
1246,2019,Sistema," 247,580 ",495856.34
933,2021,Operacional," 247,257 ",496553.945
1905,2023,Fallo de sistema," 246,807 ",495461.41
1860,2016,Proceso," 246,624 ",495709.615
2000,2023,Fraude," 246,535 ",496022.445
289,2011,Fallo de sistema," 246,474 ",495461.41
291,2010,Fraude," 246,218 ",496022.445
1406,2011,Sistema," 245,892 ",495856.34
1016,2018,Sistema," 245,199 ",495856.34
1982,2021,Seguridad," 245,029 ",495735.33
50,2011,Fallo de sistema," 244,699 ",495461.41
225,2020,Proceso," 244,438 ",495709.615
1563,2019,Sistema," 243,423 ",495856.34
1798,2013,Operacional," 242,711 ",496553.945
1085,2021,Fraude," 242,688 ",496022.445
1901,2017,Proceso," 241,874 ",495709.615
772,2012,Proceso," 241,768 ",495709.615
790,2019,Sistema," 241,650 ",495856.34
741,2022,Proceso," 241,452 ",495709.615
640,2010,Operacional," 241,293 ",496553.945
580,2022,Operacional," 241,185 ",496553.945
1969,2009,Proceso," 240,544 ",495709.615
1093,2015,Operacional," 240,151 ",496553.945
3,2021,Legal," 240,056 ",498559.91
1353,2011,Operacional," 239,770 ",496553.945
363,2015,Fraude," 239,652 ",496022.445
241,2017,Fallo de sistema," 239,461 ",495461.41
305,2016,Proceso," 238,765 ",495709.615
1980,2019,Fraude," 238,754 ",496022.445
450,2020,Operacional," 238,508 ",496553.945
1454,2016,Seguridad," 238,368 ",495735.33
443,2020,Fraude," 238,228 ",496022.445
1322,2016,Fraude," 238,001 ",496022.445
93,2018,Seguridad," 237,670 ",495735.33
230,2018,Operacional," 237,529 ",496553.945
531,2021,Seguridad," 237,227 ",495735.33
89,2010,Fraude," 237,013 ",496022.445
77,2015,Fraude," 236,976 ",496022.445
1859,2019,Sistema," 236,004 ",495856.34
1379,2017,Legal," 235,963 ",498559.91
91,2014,Legal," 235,402 ",498559.91
87,2016,Legal," 235,351 ",498559.91
966,2017,Operacional," 235,293 ",496553.945
1244,2012,Seguridad," 235,173 ",495735.33
1461,2010,Fraude," 234,697 ",496022.445
474,2018,Fraude," 234,609 ",496022.445
412,2019,Proceso," 234,017 ",495709.615
282,2010,Fallo de sistema," 233,924 ",495461.41
170,2019,Proceso," 233,837 ",495709.615
1209,2017,Legal," 233,447 ",498559.91
1473,2019,Fallo de sistema," 233,376 ",495461.41
1076,2009,Legal," 233,063 ",498559.91
1687,2023,Operacional," 232,842 ",496553.945
61,2015,Fraude," 232,752 ",496022.445
1881,2021,Fallo de sistema," 232,569 ",495461.41
1184,2014,Sistema," 232,531 ",495856.34
1978,2010,Sistema," 232,443 ",495856.34
697,2010,Fallo de sistema," 232,184 ",495461.41
390,2010,Proceso," 232,123 ",495709.615
1170,2019,Seguridad," 232,094 ",495735.33
101,2010,Fraude," 231,963 ",496022.445
1546,2013,Seguridad," 231,733 ",495735.33
1008,2009,Sistema," 231,460 ",495856.34
1177,2022,Fallo de sistema," 231,300 ",495461.41
266,2009,Sistema," 231,261 ",495856.34
1248,2022,Operacional," 231,122 ",496553.945
1945,2016,Operacional," 230,874 ",496553.945
688,2015,Operacional," 230,541 ",496553.945
1729,2020,Seguridad," 230,366 ",495735.33
1012,2023,Fallo de sistema," 230,135 ",495461.41
595,2016,Proceso," 230,023 ",495709.615
577,2013,Sistema," 229,840 ",495856.34
276,2009,Legal," 229,775 ",498559.91
613,2021,Legal," 229,659 ",498559.91
864,2009,Operacional," 229,553 ",496553.945
300,2016,Sistema," 228,534 ",495856.34
1511,2017,Seguridad," 228,354 ",495735.33
499,2018,Seguridad," 228,005 ",495735.33
1276,2011,Operacional," 227,981 ",496553.945
1725,2011,Sistema," 227,747 ",495856.34
385,2022,Operacional," 227,519 ",496553.945
1275,2014,Operacional," 227,336 ",496553.945
1269,2023,Proceso," 227,003 ",495709.615
1526,2022,Fraude," 226,954 ",496022.445
1160,2022,Fraude," 225,937 ",496022.445
871,2018,Seguridad," 225,893 ",495735.33
116,2021,Seguridad," 225,848 ",495735.33
1099,2012,Fallo de sistema," 225,789 ",495461.41
88,2012,Proceso," 225,782 ",495709.615
182,2023,Fallo de sistema," 225,612 ",495461.41
840,2015,Legal," 225,608 ",498559.91
20,2011,Seguridad," 225,471 ",495735.33
879,2013,Operacional," 225,093 ",496553.945
164,2016,Fallo de sistema," 224,978 ",495461.41
751,2021,Sistema," 224,958 ",495856.34
1533,2014,Operacional," 224,941 ",496553.945
92,2014,Seguridad," 224,287 ",495735.33
1846,2019,Fallo de sistema," 223,775 ",495461.41
1105,2011,Seguridad," 223,747 ",495735.33
981,2020,Legal," 223,654 ",498559.91
67,2010,Operacional," 223,178 ",496553.945
1835,2012,Seguridad," 222,820 ",495735.33
645,2011,Fraude," 222,738 ",496022.445
231,2015,Fraude," 222,620 ",496022.445
1666,2023,Seguridad," 222,614 ",495735.33
1696,2011,Legal," 222,508 ",498559.91
1159,2014,Legal," 222,486 ",498559.91
301,2019,Operacional," 222,284 ",496553.945
985,2013,Operacional," 222,210 ",496553.945
1245,2022,Fallo de sistema," 222,087 ",495461.41
1936,2015,Fallo de sistema," 221,741 ",495461.41
1741,2009,Legal," 221,684 ",498559.91
1360,2019,Seguridad," 221,432 ",495735.33
294,2018,Fraude," 221,171 ",496022.445
1721,2017,Operacional," 220,846 ",496553.945
1556,2010,Fallo de sistema," 220,589 ",495461.41
1056,2010,Legal," 220,109 ",498559.91
102,2018,Proceso," 219,831 ",495709.615
1326,2023,Legal," 219,790 ",498559.91
908,2016,Proceso," 219,754 ",495709.615
1663,2016,Sistema," 219,650 ",495856.34
711,2013,Legal," 219,303 ",498559.91
1196,2015,Fallo de sistema," 218,773 ",495461.41
1515,2022,Fallo de sistema," 218,387 ",495461.41
509,2012,Proceso," 218,318 ",495709.615
1313,2010,Fallo de sistema," 218,261 ",495461.41
769,2012,Operacional," 218,227 ",496553.945
1845,2021,Seguridad," 217,746 ",495735.33
1705,2023,Operacional," 217,452 ",496553.945
1140,2023,Seguridad," 217,148 ",495735.33
664,2009,Fallo de sistema," 216,259 ",495461.41
1492,2009,Sistema," 216,125 ",495856.34
1162,2020,Seguridad," 216,112 ",495735.33
1730,2016,Operacional," 216,061 ",496553.945
817,2021,Fraude," 215,840 ",496022.445
862,2023,Fallo de sistema," 215,757 ",495461.41
671,2011,Proceso," 215,621 ",495709.615
1852,2017,Legal," 215,382 ",498559.91
1017,2010,Fallo de sistema," 215,375 ",495461.41
788,2021,Fallo de sistema," 215,368 ",495461.41
43,2020,Fraude," 215,162 ",496022.445
1192,2018,Sistema," 215,063 ",495856.34
667,2011,Fallo de sistema," 214,323 ",495461.41
942,2011,Legal," 214,320 ",498559.91
1124,2017,Operacional," 213,609 ",496553.945
1993,2021,Operacional," 213,543 ",496553.945
925,2019,Legal," 212,961 ",498559.91
1604,2015,Seguridad," 212,350 ",495735.33
424,2016,Operacional," 211,770 ",496553.945
5,2019,Sistema," 211,301 ",495856.34
1641,2018,Fallo de sistema," 210,960 ",495461.41
1761,2013,Fallo de sistema," 210,582 ",495461.41
1735,2019,Sistema," 210,505 ",495856.34
959,2010,Legal," 210,275 ",498559.91
1495,2020,Seguridad," 209,873 ",495735.33
1320,2010,Fallo de sistema," 208,693 ",495461.41
1388,2014,Seguridad," 208,657 ",495735.33
380,2014,Legal," 208,645 ",498559.91
718,2016,Proceso," 208,556 ",495709.615
458,2023,Fraude," 208,483 ",496022.445
566,2018,Fallo de sistema," 208,405 ",495461.41
651,2012,Proceso," 208,386 ",495709.615
1186,2011,Fallo de sistema," 208,205 ",495461.41
1146,2009,Legal," 208,071 ",498559.91
1229,2010,Operacional," 207,993 ",496553.945
1041,2019,Proceso," 207,953 ",495709.615
1009,2016,Fallo de sistema," 207,844 ",495461.41
734,2015,Operacional," 207,820 ",496553.945
1025,2014,Legal," 207,686 ",498559.91
221,2014,Fraude," 207,661 ",496022.445
1265,2012,Proceso," 207,500 ",495709.615
1,2015,Proceso," 206,968 ",495709.615
146,2011,Proceso," 206,925 ",495709.615
1045,2020,Operacional," 206,521 ",496553.945
815,2011,Seguridad," 206,416 ",495735.33
1895,2009,Legal," 206,276 ",498559.91
951,2019,Fallo de sistema," 206,258 ",495461.41
1013,2016,Fraude," 206,136 ",496022.445
1581,2014,Fraude," 206,018 ",496022.445
1781,2013,Fallo de sistema," 205,837 ",495461.41
1087,2019,Fallo de sistema," 205,460 ",495461.41
972,2009,Legal," 204,980 ",498559.91
1068,2009,Fallo de sistema," 204,651 ",495461.41
1808,2011,Fraude," 204,450 ",496022.445
965,2023,Fallo de sistema," 204,409 ",495461.41
80,2016,Proceso," 204,079 ",495709.615
591,2010,Seguridad," 203,930 ",495735.33
1407,2014,Sistema," 203,872 ",495856.34
1216,2010,Seguridad," 203,600 ",495735.33
728,2022,Legal," 203,470 ",498559.91
1974,2010,Legal," 202,958 ",498559.91
1084,2010,Legal," 202,880 ",498559.91
143,2009,Fraude," 202,716 ",496022.445
175,2023,Operacional," 202,545 ",496553.945
1397,2023,Sistema," 201,985 ",495856.34
631,2022,Seguridad," 201,979 ",495735.33
404,2012,Legal," 201,821 ",498559.91
1230,2019,Operacional," 201,765 ",496553.945
398,2012,Legal," 201,321 ",498559.91
369,2012,Proceso," 201,252 ",495709.615
674,2016,Legal," 201,070 ",498559.91
166,2011,Seguridad," 200,285 ",495735.33
346,2022,Sistema," 200,151 ",495856.34
1695,2013,Fallo de sistema," 199,716 ",495461.41
1908,2017,Seguridad," 199,544 ",495735.33
497,2018,Seguridad," 199,426 ",495735.33
936,2021,Sistema," 199,327 ",495856.34
104,2012,Fraude," 199,002 ",496022.445
1314,2016,Fraude," 198,585 ",496022.445
1362,2013,Sistema," 198,458 ",495856.34
222,2020,Proceso," 198,322 ",495709.615
605,2015,Fallo de sistema," 198,208 ",495461.41
467,2009,Seguridad," 197,972 ",495735.33
190,2018,Seguridad," 197,094 ",495735.33
608,2018,Proceso," 197,004 ",495709.615
586,2009,Operacional," 196,537 ",496553.945
701,2012,Sistema," 196,520 ",495856.34
1136,2017,Sistema," 195,987 ",495856.34
813,2013,Fallo de sistema," 195,950 ",495461.41
1231,2016,Seguridad," 195,906 ",495735.33
1571,2015,Proceso," 195,670 ",495709.615
1968,2010,Fraude," 195,560 ",496022.445
119,2013,Operacional," 195,546 ",496553.945
173,2011,Sistema," 194,309 ",495856.34
774,2015,Seguridad," 194,231 ",495735.33
1133,2019,Fallo de sistema," 193,923 ",495461.41
649,2013,Operacional," 193,775 ",496553.945
1148,2012,Fallo de sistema," 193,720 ",495461.41
202,2015,Fraude," 193,551 ",496022.445
889,2023,Fraude," 193,421 ",496022.445
448,2014,Legal," 193,175 ",498559.91
1015,2018,Seguridad," 193,017 ",495735.33
181,2015,Operacional," 192,736 ",496553.945
1964,2021,Legal," 192,637 ",498559.91
932,2012,Fraude," 192,259 ",496022.445
506,2018,Operacional," 191,908 ",496553.945
1723,2013,Sistema," 191,744 ",495856.34
827,2012,Sistema," 191,339 ",495856.34
733,2021,Operacional," 190,964 ",496553.945
1688,2015,Fraude," 190,429 ",496022.445
1115,2010,Seguridad," 190,234 ",495735.33
1240,2013,Proceso," 190,185 ",495709.615
200,2022,Fraude," 190,076 ",496022.445
1878,2019,Proceso," 189,672 ",495709.615
425,2019,Fallo de sistema," 189,280 ",495461.41
621,2022,Proceso," 189,116 ",495709.615
1431,2015,Seguridad," 188,889 ",495735.33
1452,2023,Proceso," 188,527 ",495709.615
1300,2018,Sistema," 188,345 ",495856.34
229,2019,Legal," 188,027 ",498559.91
1110,2018,Legal," 187,866 ",498559.91
886,2012,Seguridad," 187,404 ",495735.33
996,2009,Fallo de sistema," 187,387 ",495461.41
869,2013,Legal," 187,257 ",498559.91
1118,2021,Fraude," 187,247 ",496022.445
929,2017,Sistema," 186,728 ",495856.34
1241,2014,Fallo de sistema," 186,371 ",495461.41
1412,2016,Fraude," 186,214 ",496022.445
460,2020,Fraude," 186,210 ",496022.445
228,2022,Proceso," 185,828 ",495709.615
188,2023,Sistema," 185,656 ",495856.34
1111,2011,Proceso," 185,371 ",495709.615
507,2015,Proceso," 184,499 ",495709.615
1489,2022,Fraude," 183,577 ",496022.445
1338,2023,Operacional," 183,432 ",496553.945
1986,2019,Proceso," 182,971 ",495709.615
685,2011,Operacional," 182,813 ",496553.945
1770,2010,Fallo de sistema," 182,692 ",495461.41
1365,2022,Fraude," 182,541 ",496022.445
1913,2015,Fallo de sistema," 182,014 ",495461.41
1253,2017,Fallo de sistema," 181,853 ",495461.41
297,2012,Operacional," 181,772 ",496553.945
706,2019,Operacional," 181,726 ",496553.945
742,2012,Legal," 181,493 ",498559.91
1589,2012,Proceso," 181,409 ",495709.615
1628,2010,Fallo de sistema," 179,809 ",495461.41
1551,2012,Seguridad," 179,028 ",495735.33
246,2015,Fraude," 178,737 ",496022.445
920,2020,Proceso," 178,630 ",495709.615
821,2009,Fallo de sistema," 178,572 ",495461.41
1572,2012,Fallo de sistema," 178,211 ",495461.41
603,2014,Sistema," 178,165 ",495856.34
924,2012,Proceso," 178,076 ",495709.615
569,2009,Seguridad," 177,780 ",495735.33
1339,2009,Fraude," 177,495 ",496022.445
275,2013,Fallo de sistema," 177,377 ",495461.41
694,2018,Fraude," 176,949 ",496022.445
1839,2011,Fraude," 176,551 ",496022.445
1508,2020,Seguridad," 175,856 ",495735.33
1127,2022,Fallo de sistema," 175,751 ",495461.41
1113,2013,Legal," 175,623 ",498559.91
1003,2021,Sistema," 175,096 ",495856.34
1312,2014,Legal," 174,406 ",498559.91
1367,2013,Sistema," 174,184 ",495856.34
1135,2018,Seguridad," 174,134 ",495735.33
1514,2021,Legal," 174,096 ",498559.91
1807,2009,Operacional," 173,933 ",496553.945
1024,2009,Proceso," 173,270 ",495709.615
1817,2019,Proceso," 173,064 ",495709.615
1007,2009,Proceso," 173,046 ",495709.615
759,2023,Proceso," 172,957 ",495709.615
511,2012,Operacional," 171,560 ",496553.945
336,2010,Sistema," 171,549 ",495856.34
1532,2023,Legal," 171,371 ",498559.91
63,2012,Proceso," 171,067 ",495709.615
1745,2010,Operacional," 170,932 ",496553.945
37,2017,Fraude," 170,863 ",496022.445
413,2011,Fraude," 170,845 ",496022.445
1510,2018,Sistema," 170,545 ",495856.34
198,2021,Fallo de sistema," 170,545 ",495461.41
1420,2022,Seguridad," 169,487 ",495735.33
1813,2021,Fallo de sistema," 169,429 ",495461.41
1417,2021,Seguridad," 169,403 ",495735.33
556,2012,Sistema," 169,333 ",495856.34
1818,2012,Fallo de sistema," 169,318 ",495461.41
726,2016,Seguridad," 169,145 ",495735.33
1472,2012,Proceso," 168,668 ",495709.615
1037,2013,Operacional," 168,501 ",496553.945
1749,2017,Legal," 168,476 ",498559.91
945,2017,Operacional," 167,470 ",496553.945
823,2015,Fallo de sistema," 167,398 ",495461.41
326,2011,Seguridad," 167,370 ",495735.33
930,2009,Seguridad," 167,184 ",495735.33
1497,2020,Fallo de sistema," 166,771 ",495461.41
1648,2015,Fallo de sistema," 166,723 ",495461.41
510,2021,Fallo de sistema," 166,718 ",495461.41
1793,2015,Proceso," 166,667 ",495709.615
36,2020,Seguridad," 165,874 ",495735.33
491,2009,Fallo de sistema," 165,791 ",495461.41
1048,2010,Operacional," 164,449 ",496553.945
901,2017,Operacional," 164,195 ",496553.945
668,2019,Sistema," 163,843 ",495856.34
1934,2022,Proceso," 163,586 ",495709.615
264,2009,Proceso," 163,586 ",495709.615
836,2019,Seguridad," 163,302 ",495735.33
1716,2012,Proceso," 162,849 ",495709.615
1883,2018,Fallo de sistema," 162,586 ",495461.41
1954,2016,Fallo de sistema," 162,041 ",495461.41
144,2016,Seguridad," 161,219 ",495735.33
1979,2022,Proceso," 160,694 ",495709.615
1662,2021,Legal," 160,506 ",498559.91
999,2017,Seguridad," 159,986 ",495735.33
1981,2015,Fallo de sistema," 159,834 ",495461.41
1947,2020,Fraude," 159,813 ",496022.445
1212,2023,Sistema," 159,734 ",495856.34
1490,2010,Fraude," 159,707 ",496022.445
1681,2012,Proceso," 159,530 ",495709.615
1784,2023,Fraude," 159,460 ",496022.445
1689,2010,Fallo de sistema," 158,977 ",495461.41
800,2014,Seguridad," 158,958 ",495735.33
547,2013,Legal," 158,258 ",498559.91
1692,2015,Seguridad," 158,098 ",495735.33
1767,2012,Proceso," 157,540 ",495709.615
223,2020,Fallo de sistema," 157,290 ",495461.41
1519,2019,Fallo de sistema," 157,268 ",495461.41
1684,2014,Legal," 157,212 ",498559.91
804,2016,Sistema," 157,119 ",495856.34
1219,2016,Sistema," 156,786 ",495856.34
771,2013,Legal," 156,680 ",498559.91
1819,2009,Seguridad," 156,644 ",495735.33
312,2023,Legal," 156,638 ",498559.91
1644,2010,Proceso," 156,589 ",495709.615
1356,2014,Fallo de sistema," 156,533 ",495461.41
1033,2023,Seguridad," 156,190 ",495735.33
715,2018,Proceso," 155,732 ",495709.615
611,2014,Sistema," 155,690 ",495856.34
1224,2017,Sistema," 155,169 ",495856.34
789,2019,Fallo de sistema," 155,108 ",495461.41
1926,2011,Fraude," 154,635 ",496022.445
1999,2020,Legal," 154,457 ",498559.91
1145,2021,Fraude," 154,145 ",496022.445
351,2018,Operacional," 153,763 ",496553.945
1317,2015,Fraude," 153,720 ",496022.445
1754,2012,Fraude," 152,997 ",496022.445
1731,2009,Fallo de sistema," 152,942 ",495461.41
1211,2010,Legal," 152,711 ",498559.91
1355,2016,Fallo de sistema," 152,508 ",495461.41
392,2010,Seguridad," 152,294 ",495735.33
1340,2013,Proceso," 151,937 ",495709.615
290,2022,Legal," 151,921 ",498559.91
567,2022,Operacional," 151,656 ",496553.945
263,2012,Seguridad," 150,944 ",495735.33
1554,2019,Fraude," 150,130 ",496022.445
1951,2011,Legal," 150,093 ",498559.91
310,2014,Fraude," 149,919 ",496022.445
1022,2010,Fallo de sistema," 149,097 ",495461.41
125,2020,Operacional," 149,067 ",496553.945
1803,2010,Fallo de sistema," 148,900 ",495461.41
1011,2020,Fallo de sistema," 148,676 ",495461.41
681,2023,Sistema," 148,552 ",495856.34
1504,2016,Fraude," 148,532 ",496022.445
686,2010,Legal," 148,326 ",498559.91
1553,2018,Fallo de sistema," 148,241 ",495461.41
1542,2017,Sistema," 147,839 ",495856.34
1436,2010,Proceso," 147,681 ",495709.615
1498,2020,Sistema," 147,594 ",495856.34
1496,2019,Operacional," 146,966 ",496553.945
370,2016,Fraude," 146,965 ",496022.445
940,2014,Sistema," 146,456 ",495856.34
524,2023,Operacional," 146,281 ",496553.945
699,2017,Proceso," 145,725 ",495709.615
393,2010,Legal," 145,695 ",498559.91
1950,2010,Sistema," 144,838 ",495856.34
1672,2023,Fraude," 144,715 ",496022.445
1868,2020,Operacional," 144,628 ",496553.945
1791,2017,Sistema," 144,376 ",495856.34
1690,2015,Sistema," 143,564 ",495856.34
1080,2013,Legal," 143,469 ",498559.91
42,2018,Legal," 143,360 ",498559.91
100,2020,Operacional," 143,169 ",496553.945
108,2016,Fraude," 142,997 ",496022.445
27,2014,Sistema," 142,630 ",495856.34
934,2020,Legal," 142,369 ",498559.91
1494,2016,Fraude," 142,118 ",496022.445
1364,2020,Operacional," 141,678 ",496553.945
969,2019,Fallo de sistema," 141,238 ",495461.41
1090,2011,Sistema," 141,160 ",495856.34
348,2011,Legal," 140,887 ",498559.91
1756,2018,Sistema," 140,666 ",495856.34
1792,2013,Operacional," 140,593 ",496553.945
1401,2013,Legal," 140,429 ",498559.91
1853,2017,Legal," 140,190 ",498559.91
1465,2011,Legal," 139,957 ",498559.91
1171,2016,Proceso," 139,950 ",495709.615
438,2012,Legal," 139,941 ",498559.91
1517,2017,Proceso," 139,786 ",495709.615
1670,2009,Seguridad," 139,772 ",495735.33
106,2023,Seguridad," 139,633 ",495735.33
1757,2021,Legal," 139,582 ",498559.91
548,2020,Seguridad," 138,842 ",495735.33
1636,2021,Fallo de sistema," 138,603 ",495461.41
646,2018,Legal," 138,498 ",498559.91
1708,2019,Fraude," 137,918 ",496022.445
1540,2017,Fraude," 137,247 ",496022.445
1531,2009,Fallo de sistema," 137,202 ",495461.41
76,2020,Proceso," 136,513 ",495709.615
403,2013,Operacional," 136,502 ",496553.945
997,2013,Seguridad," 136,478 ",495735.33
724,2009,Fallo de sistema," 136,448 ",495461.41
1347,2016,Proceso," 136,412 ",495709.615
737,2017,Sistema," 135,241 ",495856.34
442,2020,Sistema," 135,215 ",495856.34
79,2021,Operacional," 135,211 ",496553.945
739,2009,Seguridad," 135,155 ",495735.33
44,2020,Legal," 134,621 ",498559.91
1036,2023,Fallo de sistema," 134,533 ",495461.41
500,2011,Fallo de sistema," 134,359 ",495461.41
493,2019,Legal," 134,071 ",498559.91
372,2016,Fraude," 133,818 ",496022.445
1433,2022,Fraude," 133,420 ",496022.445
1755,2018,Seguridad," 132,993 ",495735.33
1185,2011,Fallo de sistema," 132,738 ",495461.41
24,2016,Legal," 132,395 ",498559.91
75,2023,Proceso," 132,075 ",495709.615
1683,2013,Sistema," 131,909 ",495856.34
1785,2014,Seguridad," 130,435 ",495735.33
1138,2017,Fallo de sistema," 129,857 ",495461.41
123,2020,Fraude," 129,828 ",496022.445
1991,2022,Fraude," 129,115 ",496022.445
135,2016,Operacional," 129,090 ",496553.945
313,2009,Proceso," 128,768 ",495709.615
680,2020,Proceso," 128,399 ",495709.615
987,2011,Proceso," 128,186 ",495709.615
435,2020,Fraude," 127,861 ",496022.445
1585,2013,Legal," 127,715 ",498559.91
629,2012,Fraude," 127,657 ",496022.445
1930,2015,Fraude," 127,564 ",496022.445
1858,2021,Legal," 127,538 ",498559.91
938,2011,Proceso," 127,425 ",495709.615
723,2010,Fraude," 127,154 ",496022.445
1414,2012,Legal," 127,146 ",498559.91
1423,2012,Fallo de sistema," 127,070 ",495461.41
48,2023,Sistema," 126,901 ",495856.34
1886,2009,Legal," 126,289 ",498559.91
1645,2020,Sistema," 125,636 ",495856.34
875,2021,Operacional," 125,513 ",496553.945
1706,2013,Seguridad," 125,502 ",495735.33
1548,2017,Legal," 125,480 ",498559.91
1768,2017,Sistema," 124,689 ",495856.34
809,2018,Fallo de sistema," 124,508 ",495461.41
820,2012,Seguridad," 124,319 ",495735.33
244,2017,Sistema," 124,207 ",495856.34
1815,2019,Fallo de sistema," 124,013 ",495461.41
1294,2009,Fallo de sistema," 123,897 ",495461.41
1603,2022,Legal," 123,876 ",498559.91
630,2009,Legal," 123,658 ",498559.91
1035,2015,Legal," 122,621 ",498559.91
362,2019,Legal," 121,873 ",498559.91
484,2023,Seguridad," 121,703 ",495735.33
311,2019,Fallo de sistema," 120,951 ",495461.41
1608,2011,Seguridad," 120,795 ",495735.33
1529,2015,Sistema," 120,755 ",495856.34
536,2009,Fallo de sistema," 120,340 ",495461.41
1652,2021,Operacional," 120,332 ",496553.945
86,2010,Operacional," 120,189 ",496553.945
1701,2020,Operacional," 119,335 ",496553.945
1437,2018,Fraude," 119,305 ",496022.445
252,2013,Fraude," 118,284 ",496022.445
1751,2014,Operacional," 118,262 ",496553.945
391,2022,Proceso," 118,092 ",495709.615
72,2010,Legal," 117,858 ",498559.91
1717,2013,Operacional," 117,715 ",496553.945
1432,2009,Legal," 116,796 ",498559.91
612,2017,Sistema," 116,788 ",495856.34
998,2022,Seguridad," 116,660 ",495735.33
1102,2016,Proceso," 116,543 ",495709.615
1658,2016,Sistema," 116,509 ",495856.34
1291,2012,Seguridad," 116,167 ",495735.33
564,2010,Proceso," 115,895 ",495709.615
910,2013,Seguridad," 115,357 ",495735.33
659,2016,Legal," 115,119 ",498559.91
214,2020,Seguridad," 115,015 ",495735.33
1459,2020,Operacional," 114,144 ",496553.945
795,2018,Operacional," 114,137 ",496553.945
30,2013,Fallo de sistema," 113,949 ",495461.41
180,2018,Sistema," 113,913 ",495856.34
1592,2012,Proceso," 113,911 ",495709.615
1967,2021,Seguridad," 113,638 ",495735.33
1167,2021,Fraude," 113,296 ",496022.445
663,2020,Seguridad," 113,220 ",495735.33
1651,2015,Fallo de sistema," 112,767 ",495461.41
513,2016,Operacional," 112,408 ",496553.945
1598,2016,Seguridad," 112,308 ",495735.33
1070,2021,Fallo de sistema," 111,728 ",495461.41
1783,2017,Legal," 111,669 ",498559.91
316,2019,Seguridad," 111,152 ",495735.33
729,2013,Fallo de sistema," 111,024 ",495461.41
893,2023,Operacional," 111,021 ",496553.945
49,2022,Fallo de sistema," 110,892 ",495461.41
1677,2022,Proceso," 110,824 ",495709.615
501,2010,Fallo de sistema," 110,683 ",495461.41
1335,2015,Proceso," 110,634 ",495709.615
377,2009,Legal," 110,418 ",498559.91
594,2017,Fallo de sistema," 110,340 ",495461.41
103,2022,Fraude," 110,036 ",496022.445
21,2014,Proceso," 110,003 ",495709.615
1613,2021,Fraude," 109,912 ",496022.445
1574,2013,Seguridad," 109,736 ",495735.33
1183,2018,Seguridad," 109,398 ",495735.33
1671,2020,Fallo de sistema," 109,261 ",495461.41
1801,2018,Legal," 108,909 ",498559.91
1305,2019,Fraude," 108,897 ",496022.445
992,2013,Fallo de sistema," 108,814 ",495461.41
169,2014,Operacional," 108,810 ",496553.945
1471,2013,Seguridad," 108,535 ",495735.33
926,2014,Proceso," 108,457 ",495709.615
1710,2023,Proceso," 108,387 ",495709.615
897,2014,Fallo de sistema," 108,119 ",495461.41
379,2012,Legal," 108,099 ",498559.91
598,2009,Fallo de sistema," 107,765 ",495461.41
1760,2015,Legal," 107,635 ",498559.91
763,2023,Legal," 107,483 ",498559.91
881,2020,Seguridad," 107,329 ",495735.33
1888,2020,Seguridad," 106,955 ",495735.33
1032,2009,Proceso," 106,735 ",495709.615
367,2011,Fallo de sistema," 106,345 ",495461.41
1718,2013,Seguridad," 106,232 ",495735.33
1484,2019,Proceso," 106,180 ",495709.615
968,2019,Seguridad," 105,805 ",495735.33
219,2017,Operacional," 105,223 ",496553.945
1802,2022,Sistema," 105,086 ",495856.34
1091,2023,Seguridad," 104,770 ",495735.33
260,2014,Fallo de sistema," 104,447 ",495461.41
1333,2016,Sistema," 104,429 ",495856.34
1131,2018,Seguridad," 104,414 ",495735.33
525,2014,Legal," 104,340 ",498559.91
943,2013,Fraude," 103,902 ",496022.445
826,2012,Seguridad," 103,495 ",495735.33
542,2019,Legal," 103,286 ",498559.91
679,2021,Operacional," 103,026 ",496553.945
848,2018,Sistema," 103,016 ",495856.34
1637,2015,Legal," 102,919 ",498559.91
1266,2020,Proceso," 102,879 ",495709.615
914,2012,Sistema," 102,808 ",495856.34
1047,2014,Seguridad," 102,630 ",495735.33
709,2012,Operacional," 102,586 ",496553.945
1078,2012,Seguridad," 102,515 ",495735.33
963,2013,Seguridad," 101,348 ",495735.33
1193,2015,Operacional," 101,332 ",496553.945
331,2012,Legal," 101,125 ",498559.91
708,2016,Fallo de sistema," 101,080 ",495461.41
1304,2022,Fraude," 101,076 ",496022.445
1480,2015,Fallo de sistema," 100,721 ",495461.41
1435,2014,Seguridad," 100,553 ",495735.33
1371,2019,Proceso," 100,424 ",495709.615
1527,2012,Seguridad," 100,047 ",495735.33
1732,2018,Operacional," 99,850 ",496553.945
1861,2018,Sistema," 98,309 ",495856.34
1779,2018,Sistema," 98,029 ",495856.34
1788,2010,Fallo de sistema," 97,431 ",495461.41
1503,2013,Legal," 96,963 ",498559.91
814,2014,Seguridad," 96,522 ",495735.33
1728,2014,Seguridad," 96,375 ",495735.33
714,2012,Proceso," 96,368 ",495709.615
1366,2011,Operacional," 96,172 ",496553.945
846,2020,Sistema," 95,718 ",495856.34
1535,2011,Operacional," 95,507 ",496553.945
1476,2016,Operacional," 95,380 ",496553.945
406,2016,Operacional," 95,331 ",496553.945
382,2012,Fallo de sistema," 94,734 ",495461.41
811,2013,Fraude," 94,270 ",496022.445
456,2022,Proceso," 93,825 ",495709.615
1150,2016,Fraude," 93,501 ",496022.445
1893,2023,Proceso," 92,543 ",495709.615
437,2011,Fallo de sistema," 92,221 ",495461.41
1631,2011,Sistema," 92,154 ",495856.34
508,2017,Fraude," 91,688 ",496022.445
1094,2015,Fraude," 91,680 ",496022.445
576,2018,Sistema," 90,974 ",495856.34
753,2011,Seguridad," 90,918 ",495735.33
626,2018,Seguridad," 89,766 ",495735.33
1541,2013,Proceso," 89,419 ",495709.615
249,2019,Sistema," 89,408 ",495856.34
597,2013,Legal," 88,872 ",498559.91
1358,2021,Operacional," 87,947 ",496553.945
877,2013,Sistema," 87,867 ",495856.34
1562,2009,Operacional," 87,498 ",496553.945
859,2020,Sistema," 86,883 ",495856.34
749,2012,Fallo de sistema," 86,873 ",495461.41
155,2015,Fraude," 86,752 ",496022.445
1274,2016,Proceso," 86,546 ",495709.615
1810,2012,Seguridad," 86,476 ",495735.33
65,2020,Proceso," 86,120 ",495709.615
1342,2020,Legal," 85,888 ",498559.91
1838,2011,Operacional," 85,362 ",496553.945
243,2021,Fallo de sistema," 85,000 ",495461.41
1321,2021,Fraude," 84,891 ",496022.445
212,2011,Legal," 84,513 ",498559.91
1034,2023,Fallo de sistema," 84,299 ",495461.41
1329,2009,Legal," 83,845 ",498559.91
1911,2023,Fraude," 83,785 ",496022.445
193,2011,Proceso," 83,649 ",495709.615
1404,2011,Legal," 83,486 ",498559.91
255,2018,Operacional," 83,456 ",496553.945
118,2023,Fraude," 83,437 ",496022.445
1528,2014,Operacional," 83,278 ",496553.945
64,2017,Operacional," 83,248 ",496553.945
552,2015,Fallo de sistema," 82,777 ",495461.41
1782,2019,Fallo de sistema," 82,505 ",495461.41
810,2010,Fraude," 82,245 ",496022.445
1748,2015,Operacional," 80,653 ",496553.945
752,2017,Sistema," 80,353 ",495856.34
1137,2023,Legal," 80,181 ",498559.91
399,2009,Sistema," 80,153 ",495856.34
1623,2010,Operacional," 79,994 ",496553.945
765,2013,Fraude," 79,506 ",496022.445
1676,2016,Fraude," 78,986 ",496022.445
1626,2020,Legal," 78,862 ",498559.91
1352,2011,Operacional," 78,834 ",496553.945
1332,2023,Proceso," 78,630 ",495709.615
154,2020,Seguridad," 78,006 ",495735.33
635,2018,Proceso," 77,750 ",495709.615
371,2014,Legal," 77,012 ",498559.91
526,2011,Seguridad," 77,012 ",495735.33
1872,2014,Operacional," 76,736 ",496553.945
236,2009,Seguridad," 76,641 ",495735.33
1919,2018,Legal," 76,193 ",498559.91
1182,2010,Proceso," 76,153 ",495709.615
258,2023,Operacional," 76,110 ",496553.945
732,2015,Legal," 75,651 ",498559.91
1956,2015,Sistema," 74,961 ",495856.34
661,2010,Sistema," 74,941 ",495856.34
268,2012,Seguridad," 74,844 ",495735.33
224,2020,Legal," 74,384 ",498559.91
364,2017,Seguridad," 73,453 ",495735.33
957,2014,Proceso," 73,049 ",495709.615
1609,2022,Fraude," 73,010 ",496022.445
857,2011,Fallo de sistema," 72,827 ",495461.41
670,2020,Seguridad," 72,763 ",495735.33
1879,2019,Fraude," 72,554 ",496022.445
1518,2014,Seguridad," 71,985 ",495735.33
762,2018,Fallo de sistema," 71,943 ",495461.41
1825,2010,Legal," 71,413 ",498559.91
1632,2023,Operacional," 70,660 ",496553.945
434,2013,Sistema," 70,419 ",495856.34
152,2018,Fraude," 70,297 ",496022.445
1236,2017,Seguridad," 70,079 ",495735.33
1970,2021,Seguridad," 69,870 ",495735.33
1616,2016,Fraude," 69,805 ",496022.445
62,2010,Operacional," 69,624 ",496553.945
1567,2011,Fallo de sistema," 69,408 ",495461.41
583,2017,Legal," 69,363 ",498559.91
217,2021,Fallo de sistema," 68,759 ",495461.41
1871,2022,Legal," 68,405 ",498559.91
1158,2016,Operacional," 67,692 ",496553.945
1225,2013,Seguridad," 67,190 ",495735.33
1722,2010,Proceso," 67,070 ",495709.615
272,2010,Operacional," 67,054 ",496553.945
1777,2015,Sistema," 66,851 ",495856.34
71,2013,Seguridad," 66,715 ",495735.33
1402,2016,Seguridad," 66,695 ",495735.33
502,2017,Fallo de sistema," 66,628 ",495461.41
1739,2010,Operacional," 66,120 ",496553.945
226,2012,Operacional," 65,894 ",496553.945
745,2021,Proceso," 65,841 ",495709.615
418,2022,Proceso," 65,835 ",495709.615
439,2011,Operacional," 65,671 ",496553.945
1854,2016,Fraude," 65,458 ",496022.445
1311,2009,Sistema," 64,841 ",495856.34
1935,2012,Seguridad," 64,760 ",495735.33
1916,2018,Seguridad," 64,615 ",495735.33
8,2013,Seguridad," 64,600 ",495735.33
1079,2016,Fraude," 64,566 ",496022.445
1941,2015,Fraude," 64,557 ",496022.445
1896,2015,Operacional," 64,067 ",496553.945
1373,2018,Fraude," 64,052 ",496022.445
1942,2009,Proceso," 64,009 ",495709.615
469,2010,Fraude," 63,736 ",496022.445
1809,2013,Fraude," 63,657 ",496022.445
725,2015,Operacional," 63,553 ",496553.945
1303,2013,Seguridad," 63,485 ",495735.33
757,2020,Proceso," 63,438 ",495709.615
778,2013,Fallo de sistema," 63,067 ",495461.41
1463,2023,Operacional," 62,577 ",496553.945
1386,2011,Legal," 62,493 ",498559.91
1820,2019,Seguridad," 61,934 ",495735.33
756,2015,Seguridad," 61,893 ",495735.33
1889,2022,Fraude," 61,882 ",496022.445
1028,2022,Legal," 61,626 ",498559.91
22,2013,Proceso," 61,003 ",495709.615
395,2011,Seguridad," 60,857 ",495735.33
1989,2012,Fraude," 60,661 ",496022.445
766,2011,Fraude," 60,318 ",496022.445
791,2010,Fraude," 60,128 ",496022.445
1031,2017,Sistema," 60,089 ",495856.34
1837,2012,Fraude," 59,523 ",496022.445
878,2014,Operacional," 59,416 ",496553.945
1384,2016,Fallo de sistema," 59,389 ",495461.41
1564,2019,Fallo de sistema," 59,345 ",495461.41
831,2011,Fallo de sistema," 58,979 ",495461.41
428,2013,Legal," 58,895 ",498559.91
153,2017,Proceso," 58,753 ",495709.615
1610,2022,Seguridad," 58,735 ",495735.33
1543,2018,Legal," 58,284 ",498559.91
1330,2017,Sistema," 58,101 ",495856.34
1059,2014,Fallo de sistema," 58,029 ",495461.41
1891,2011,Fallo de sistema," 57,607 ",495461.41
360,2013,Sistema," 57,353 ",495856.34
974,2017,Fraude," 56,828 ",496022.445
1821,2015,Sistema," 56,457 ",495856.34
451,2017,Legal," 56,378 ",498559.91
1255,2011,Fraude," 55,922 ",496022.445
588,2018,Legal," 55,338 ",498559.91
1702,2010,Seguridad," 54,699 ",495735.33
1555,2014,Seguridad," 54,422 ",495735.33
1577,2009,Legal," 53,821 ",498559.91
1827,2023,Operacional," 53,690 ",496553.945
211,2019,Sistema," 53,524 ",495856.34
446,2022,Fallo de sistema," 53,299 ",495461.41
345,2023,Fallo de sistema," 53,098 ",495461.41
1121,2014,Proceso," 52,736 ",495709.615
842,2011,Sistema," 52,458 ",495856.34
405,2016,Operacional," 52,271 ",496553.945
205,2023,Operacional," 51,529 ",496553.945
357,2009,Legal," 51,370 ",498559.91
482,2015,Fraude," 50,834 ",496022.445
1855,2009,Proceso," 50,674 ",495709.615
218,2022,Fallo de sistema," 50,552 ",495461.41
185,2019,Seguridad," 50,338 ",495735.33
1587,2015,Fraude," 50,270 ",496022.445
1348,2019,Operacional," 50,193 ",496553.945
754,2020,Fraude," 50,019 ",496022.445
782,2022,Proceso," 49,660 ",495709.615
1680,2019,Operacional," 48,769 ",496553.945
1120,2013,Legal," 48,590 ",498559.91
689,2009,Proceso," 48,431 ",495709.615
1287,2013,Sistema," 48,359 ",495856.34
1198,2018,Legal," 48,069 ",498559.91
287,2009,Seguridad," 47,743 ",495735.33
1869,2020,Fallo de sistema," 47,542 ",495461.41
1780,2014,Legal," 47,505 ",498559.91
1995,2013,Legal," 47,158 ",498559.91
139,2016,Fraude," 47,050 ",496022.445
1590,2017,Operacional," 46,992 ",496553.945
1957,2015,Sistema," 46,957 ",495856.34
865,2017,Sistema," 46,956 ",495856.34
1691,2018,Sistema," 46,596 ",495856.34
642,2023,Seguridad," 46,270 ",495735.33
1787,2016,Operacional," 45,868 ",496553.945
333,2009,Proceso," 45,816 ",495709.615
1521,2009,Sistema," 45,406 ",495856.34
234,2015,Legal," 45,013 ",498559.91
1975,2015,Fallo de sistema," 44,737 ",495461.41
1786,2019,Proceso," 44,708 ",495709.615
1493,2023,Legal," 44,687 ",498559.91
476,2016,Seguridad," 43,585 ",495735.33
165,2013,Sistema," 43,112 ",495856.34
903,2020,Sistema," 43,066 ",495856.34
822,2023,Seguridad," 42,876 ",495735.33
1584,2010,Sistema," 42,284 ",495856.34
415,2015,Fraude," 42,275 ",496022.445
59,2013,Legal," 42,021 ",498559.91
1831,2013,Fallo de sistema," 41,930 ",495461.41
1932,2010,Sistema," 41,752 ",495856.34
1971,2018,Seguridad," 41,438 ",495735.33
1218,2016,Legal," 41,031 ",498559.91
1285,2021,Legal," 40,200 ",498559.91
1001,2009,Sistema," 39,743 ",495856.34
176,2022,Fraude," 39,730 ",496022.445
922,2013,Seguridad," 39,495 ",495735.33
1750,2014,Proceso," 39,327 ",495709.615
989,2015,Operacional," 39,241 ",496553.945
1640,2018,Legal," 39,208 ",498559.91
1345,2022,Proceso," 39,164 ",495709.615
1620,2022,Fallo de sistema," 39,143 ",495461.41
505,2020,Fallo de sistema," 39,116 ",495461.41
1588,2009,Sistema," 38,755 ",495856.34
1325,2009,Seguridad," 38,336 ",495735.33
29,2020,Proceso," 38,046 ",495709.615
850,2020,Sistema," 37,947 ",495856.34
825,2021,Fraude," 36,983 ",496022.445
803,2021,Sistema," 36,375 ",495856.34
1106,2019,Legal," 35,932 ",498559.91
1261,2016,Operacional," 35,831 ",496553.945
1232,2019,Seguridad," 35,595 ",495735.33
338,2009,Legal," 35,446 ",498559.91
23,2010,Seguridad," 35,102 ",495735.33
861,2017,Proceso," 35,099 ",495709.615
172,2009,Sistema," 34,625 ",495856.34
1290,2014,Sistema," 34,197 ",495856.34
1976,2011,Fallo de sistema," 33,840 ",495461.41
1733,2022,Fraude," 33,780 ",496022.445
55,2011,Legal," 33,279 ",498559.91
33,2018,Operacional," 33,181 ",496553.945
1174,2011,Legal," 32,507 ",498559.91
1773,2017,Fallo de sistema," 31,881 ",495461.41
705,2021,Proceso," 31,604 ",495709.615
1867,2013,Seguridad," 31,443 ",495735.33
559,2011,Operacional," 31,254 ",496553.945
1271,2014,Operacional," 31,242 ",496553.945
1537,2023,Sistema," 30,988 ",495856.34
532,2014,Sistema," 30,799 ",495856.34
307,2012,Operacional," 30,676 ",496553.945
280,2009,Proceso," 29,813 ",495709.615
644,2018,Fraude," 29,794 ",496022.445
1481,2023,Proceso," 28,707 ",495709.615
1323,2010,Operacional," 28,556 ",496553.945
1258,2016,Fallo de sistema," 28,141 ",495461.41
1430,2019,Fallo de sistema," 27,704 ",495461.41
1747,2017,Seguridad," 27,143 ",495735.33
472,2023,Legal," 27,047 ",498559.91
713,2017,Proceso," 26,899 ",495709.615
761,2011,Fraude," 26,896 ",496022.445
1624,2010,Seguridad," 26,841 ",495735.33
1789,2020,Operacional," 26,229 ",496553.945
887,2017,Fallo de sistema," 26,194 ",495461.41
1686,2022,Sistema," 26,057 ",495856.34
917,2018,Sistema," 25,959 ",495856.34
97,2023,Fallo de sistema," 25,699 ",495461.41
1122,2009,Seguridad," 25,280 ",495735.33
691,2016,Sistema," 24,773 ",495856.34
1661,2023,Operacional," 24,346 ",496553.945
25,2020,Sistema," 24,016 ",495856.34
624,2020,Fallo de sistema," 23,982 ",495461.41
1457,2023,Fallo de sistema," 23,681 ",495461.41
698,2011,Proceso," 23,656 ",495709.615
1112,2011,Legal," 23,614 ",498559.91
1828,2016,Fallo de sistema," 23,602 ",495461.41
1573,2014,Legal," 23,579 ",498559.91
1372,2022,Proceso," 23,436 ",495709.615
115,2013,Proceso," 23,382 ",495709.615
195,2015,Proceso," 23,344 ",495709.615
565,2020,Proceso," 23,237 ",495709.615
105,2022,Fallo de sistema," 23,150 ",495461.41
335,2015,Legal," 23,037 ",498559.91
1655,2017,Fallo de sistema," 22,976 ",495461.41
1693,2009,Operacional," 22,483 ",496553.945
477,2022,Proceso," 22,460 ",495709.615
1104,2011,Proceso," 22,376 ",495709.615
1937,2011,Fraude," 22,192 ",496022.445
1267,2019,Proceso," 22,129 ",495709.615
429,2022,Fallo de sistema," 22,104 ",495461.41
1092,2017,Fraude," 21,951 ",496022.445
496,2021,Operacional," 21,787 ",496553.945
1499,2012,Seguridad," 21,708 ",495735.33
133,2015,Seguridad," 21,239 ",495735.33
83,2022,Operacional," 20,843 ",496553.945
277,2016,Fraude," 19,953 ",496022.445
466,2015,Sistema," 18,933 ",495856.34
1758,2021,Fallo de sistema," 18,929 ",495461.41
949,2022,Seguridad," 18,469 ",495735.33
1832,2016,Operacional," 18,435 ",496553.945
283,2020,Fallo de sistema," 18,196 ",495461.41
378,2016,Sistema," 17,801 ",495856.34
683,2010,Operacional," 17,372 ",496553.945
53,2012,Seguridad," 17,290 ",495735.33
643,2018,Operacional," 17,276 ",496553.945
1606,2019,Proceso," 16,857 ",495709.615
489,2009,Proceso," 16,679 ",495709.615
237,2009,Fallo de sistema," 16,438 ",495461.41
760,2012,Proceso," 16,398 ",495709.615
314,2017,Proceso," 16,364 ",495709.615
320,2012,Operacional," 16,244 ",496553.945
1834,2018,Fraude," 15,981 ",496022.445
113,2022,Proceso," 15,804 ",495709.615
919,2010,Operacional," 15,723 ",496553.945
1674,2010,Operacional," 15,548 ",496553.945
967,2014,Fallo de sistema," 15,127 ",495461.41
1897,2013,Legal," 14,894 ",498559.91
656,2020,Operacional," 14,732 ",496553.945
189,2018,Operacional," 14,683 ",496553.945
1611,2021,Fraude," 14,598 ",496022.445
6,2016,Sistema," 14,560 ",495856.34
1422,2019,Sistema," 13,593 ",495856.34
57,2011,Fraude," 13,546 ",496022.445
1273,2022,Seguridad," 13,458 ",495735.33
1912,2018,Fallo de sistema," 13,317 ",495461.41
350,2020,Seguridad," 13,225 ",495735.33
1851,2013,Legal," 12,743 ",498559.91
1051,2022,Proceso," 12,049 ",495709.615
373,2009,Proceso," 11,991 ",495709.615
736,2011,Proceso," 11,315 ",495709.615
1336,2011,Operacional," 11,240 ",496553.945
812,2021,Sistema," 10,878 ",495856.34
1880,2009,Proceso," 10,175 ",495709.615
4,2023,Proceso," 9,982 ",495709.615
1221,2020,Operacional," 9,558 ",496553.945
1638,2015,Proceso," 9,361 ",495709.615
776,2015,Operacional," 9,015 ",496553.945
1377,2021,Proceso," 8,896 ",495709.615
921,2020,Legal," 8,891 ",498559.91
1220,2009,Seguridad," 8,856 ",495735.33
1089,2019,Proceso," 8,739 ",495709.615
1575,2016,Proceso," 8,573 ",495709.615
1130,2022,Fallo de sistema," 8,300 ",495461.41
600,2015,Proceso," 8,081 ",495709.615
1217,2023,Legal," 7,836 ",498559.91
1953,2019,Fallo de sistema," 7,803 ",495461.41
1086,2022,Sistema," 7,670 ",495856.34
1010,2010,Proceso," 7,612 ",495709.615
599,2021,Fallo de sistema," 7,502 ",495461.41
187,2023,Fallo de sistema," 7,143 ",495461.41
971,2021,Seguridad," 6,735 ",495735.33
839,2011,Proceso," 6,729 ",495709.615
710,2017,Operacional," 6,035 ",496553.945
1762,2019,Fraude," 5,834 ",496022.445
1331,2019,Fallo de sistema," 5,344 ",495461.41
1699,2012,Operacional," 5,021 ",496553.945
983,2013,Sistema," 4,974 ",495856.34
201,2013,Legal," 4,348 ",498559.91
883,2012,Proceso," 4,334 ",495709.615
1444,2021,Sistema," 4,211 ",495856.34
1772,2013,Sistema," 4,122 ",495856.34
356,2010,Operacional," 4,038 ",496553.945
1208,2011,Seguridad," 3,854 ",495735.33
339,2019,Fallo de sistema," 3,827 ",495461.41
1876,2013,Fraude," 3,697 ",496022.445
1227,2012,Seguridad," 3,668 ",495735.33
1536,2016,Fraude," 3,508 ",496022.445
308,2010,Sistema," 2,581 ",495856.34
1357,2020,Fraude," 2,567 ",496022.445
82,2011,Fraude," 2,458 ",496022.445
454,2021,Fallo de sistema," 2,438 ",495461.41
334,2016,Legal," 2,156 ",498559.91
130,2021,Seguridad," 2,050 ",495735.33
876,2023,Proceso," 2,007 ",495709.615
1877,2020,Seguridad," 1,672 ",495735.33
633,2013,Fraude," 1,221 ",496022.445
